symbol,type,direction,signal_index,entry_index,entry_price,sl_price,sl_dist_pct,exit_price,max_roe_pct,net_pnl_pct,sl_hit,label
ADAUSDT,TREND,SELL,19,20,0.6477,0.6704,3.5,0.6348,8.646,1.992,False,win
ADAUSDT,TREND,BUY,488,489,0.6827,0.6355,6.907,0.6413,0.161,-6.064,False,lose
ADAUSDT,TREND,SELL,528,529,0.6413,0.6637,3.5,0.6418,5.738,-0.078,False,win
ADAUSDT,TREND,BUY,680,681,0.6418,0.6296,1.908,0.6646,8.024,3.553,False,win
ADAUSDT,TREND,SELL,1116,1117,0.6646,0.6879,3.5,0.5474,26.362,17.635,False,win
ADAUSDT,TREND,SELL,2031,2032,0.5247,0.5431,3.5,0.5667,0.724,-3.5,True,lose
ADAUSDT,TREND,BUY,2125,2126,0.5667,0.5184,8.519,0.5605,4.606,-1.094,False,win
ADAUSDT,TREND,SELL,2233,2234,0.5605,0.5801,3.5,0.5772,2.302,-2.979,False,win
ADAUSDT,TREND,BUY,2317,2318,0.5772,0.557,3.5,0.5702,5.128,-1.213,False,win
ADAUSDT,TREND,SELL,2514,2515,0.5702,0.5902,3.5,0.5798,3.139,-1.684,False,win
ADAUSDT,TREND,BUY,2594,2595,0.5798,0.5595,3.5,0.5448,0.052,-3.5,True,lose
ADAUSDT,TREND,SELL,2606,2607,0.5448,0.5814,6.713,0.5632,1.083,-3.377,False,lose
ADAUSDT,TREND,BUY,2683,2684,0.5632,0.5435,3.5,0.529,0.959,-3.5,True,lose
ADAUSDT,TREND,SELL,2705,2706,0.529,0.5724,8.196,0.4141,26.749,21.72,False,win
ADAUSDT,TREND,SELL,4087,4088,0.4242,0.4396,3.621,0.3935,12.659,7.237,False,win
ADAUSDT,TREND,BUY,4505,4506,0.3935,0.3845,2.281,0.4307,15.807,9.454,False,win
ADAUSDT,TREND,SELL,4784,4785,0.4307,0.4433,2.917,0.4338,5.921,-0.72,False,win
ADAUSDT,TREND,BUY,5011,5012,0.4338,0.4046,6.733,0.4469,11.503,3.02,False,win
ADAUSDT,TREND,SELL,5324,5325,0.4469,0.4625,3.5,0.3657,22.511,18.17,False,win
ADAUSDT,TREND,BUY,6129,6130,0.3657,0.3529,3.5,0.3678,4.156,0.574,False,win
ADAUSDT,TREND,SELL,6292,6293,0.3678,0.3807,3.5,0.3741,2.855,-1.713,False,win
ADAUSDT,TREND,SELL,6514,6515,0.3638,0.3765,3.5,0.3566,6.844,1.979,False,win
ADAUSDT,TREND,BUY,6906,6907,0.357,0.3445,3.5,0.3634,5.686,1.793,False,win
ADAUSDT,TREND,SELL,7036,7037,0.3634,0.3761,3.5,0.3766,0.413,-3.5,True,lose
ADAUSDT,TREND,SELL,7105,7106,0.3639,0.3766,3.5,0.3461,9.975,4.891,False,win
ADAUSDT,TREND,BUY,7400,7401,0.3461,0.334,3.5,0.4116,26.351,18.925,False,win
ADAUSDT,TREND,SELL,7931,7932,0.4116,0.4226,2.681,0.4018,0.559,-2.681,True,lose
ADAUSDT,TREND,SELL,8449,8450,0.3822,0.3956,3.5,0.4061,0.262,-3.5,True,lose
ADAUSDT,TREND,BUY,8553,8554,0.4061,0.3919,3.5,0.3999,5.171,-1.527,False,win
ADAUSDT,TREND,SELL,8696,8697,0.3999,0.4139,3.5,0.3944,5.426,1.375,False,win
ADAUSDT,TREND,BUY,8889,8890,0.3944,0.3927,0.428,0.3918,2.485,-0.428,True,lose
ADAUSDT,TREND,SELL,9041,9042,0.3918,0.4055,3.5,0.3684,12.94,5.972,False,win
ADAUSDT,TREND,SELL,9508,9509,0.3544,0.3668,3.5,0.3521,0.621,-3.5,True,lose
ADAUSDT,TREND,BUY,9802,9803,0.3521,0.3442,2.249,0.3501,3.635,-0.568,False,win
ADAUSDT,TREND,SELL,10046,10047,0.3501,0.3624,3.5,0.3004,23.222,14.196,False,win
ADAUSDT,TREND,SELL,10664,10665,0.2862,0.2962,3.5,0.2769,22.991,3.249,False,win
ADAUSDT,TREND,BUY,10858,10859,0.2769,0.2672,3.5,0.2637,2.6,-3.5,True,lose
ADAUSDT,TREND,SELL,11122,11123,0.2637,0.2729,3.5,0.2654,1.631,-3.5,True,lose
ADAUSDT,TREND,SELL,11720,11721,0.2844,0.3022,6.242,0.2888,6.153,-1.547,False,win
ADAUSDT,TREND,BUY,12201,12202,0.2888,0.2692,6.788,0.2756,1.697,-4.571,False,lose
ADAUSDT,TREND,SELL,12350,12351,0.2756,0.2852,3.5,0.2736,6.785,0.726,False,win
ADAUSDT,TREND,BUY,12477,12478,0.2736,0.264,3.5,0.2608,0.183,-3.5,True,lose
ADAUSDT,TREND,BUY,12627,12628,0.2706,0.257,5.021,0.2833,15.817,4.693,False,win
ADAUSDT,TREND,SELL,12786,12787,0.2833,0.2932,3.5,0.2781,0.176,-3.5,True,lose
ADAUSDT,TREND,BUY,12993,12994,0.2781,0.2684,3.5,0.2709,5.07,-2.589,False,win
ADAUSDT,TREND,SELL,13082,13083,0.2709,0.2804,3.5,0.288,0.738,-3.5,True,lose
ADAUSDT,TREND,BUY,13162,13163,0.288,0.2779,3.5,0.269,0.174,-3.5,True,lose
ADAUSDT,TREND,SELL,13221,13222,0.269,0.2784,3.5,0.2728,4.015,-1.413,False,win
ADAUSDT,TREND,BUY,13347,13348,0.2728,0.2633,3.5,0.269,4.472,-1.393,False,win
ADAUSDT,TREND,BUY,14156,14157,0.2699,0.2605,3.5,0.2652,4.261,-1.741,False,win
ADAUSDT,TREND,SELL,14247,14248,0.2652,0.2745,3.5,0.2653,2.715,-0.038,False,win
ADAUSDT,TREND,BUY,14366,14367,0.2653,0.256,3.5,0.2762,11.383,4.109,False,win
ADAUSDT,TREND,SELL,14684,14685,0.2762,0.2959,7.148,0.26,10.391,5.865,False,win
ADAUSDT,TREND,BUY,15166,15167,0.26,0.2471,4.95,0.2622,6.462,0.846,False,win
ADAUSDT,TREND,SELL,15425,15426,0.2622,0.2714,3.5,0.2509,11.365,4.31,False,win
ADAUSDT,TREND,BUY,15820,15821,0.2509,0.2421,3.5,0.2405,0.757,-3.5,True,lose
ADAUSDT,TREND,SELL,15922,15923,0.2405,0.2489,3.5,0.2527,2.62,-3.5,True,lose
ADAUSDT,TREND,SELL,16089,16090,0.2389,0.2473,3.5,0.2439,1.8,-2.093,False,lose
ADAUSDT,TREND,BUY,16203,16204,0.2439,0.2354,3.5,0.2423,3.034,-0.656,False,win
ADAUSDT,TREND,BUY,16643,16644,0.2549,0.246,3.5,0.2517,4.472,-1.255,False,win
ADAUSDT,TREND,SELL,16732,16733,0.2517,0.2605,3.5,0.2568,1.748,-2.026,False,lose
ADAUSDT,TREND,BUY,16832,16833,0.2568,0.2483,3.299,0.2503,1.674,-2.531,False,lose
ADAUSDT,TREND,BUY,17221,17222,0.2473,0.2369,4.188,0.2401,0.89,-2.911,False,lose
ADAUSDT,TREND,SELL,18095,18096,0.247,0.2556,3.5,0.2504,1.053,-1.377,False,lose
ADAUSDT,TREND,BUY,18245,18246,0.2504,0.2416,3.5,0.2486,1.358,-0.719,False,lose
ADAUSDT,TREND,SELL,18503,18504,0.2472,0.2565,3.756,0.2496,1.78,-0.971,False,lose
ADAUSDT,TREND,BUY,18874,18875,0.2494,0.2447,1.872,0.261,9.743,4.651,False,win
ADAUSDT,TREND,BUY,19599,19600,0.2709,0.2614,3.5,0.2696,2.879,-0.48,False,win
ADAUSDT,TREND,BUY,19784,19785,0.2771,0.2674,3.5,0.2745,4.15,-0.938,False,win
ADAUSDT,TREND,SELL,19950,19951,0.2745,0.2841,3.5,0.2715,4.918,1.093,False,win
ADAUSDT,TREND,BUY,20171,20172,0.2715,0.2631,3.092,0.2607,3.241,-3.092,True,lose
ADAUSDT,TREND,SELL,20952,20953,0.2431,0.2549,4.846,0.2487,3.044,-2.304,False,win
ADAUSDT,TREND,BUY,21052,21053,0.2487,0.24,3.5,0.2418,0.844,-2.774,False,lose
ADAUSDT,TREND,SELL,21265,21266,0.2407,0.2491,3.5,0.2384,5.359,0.956,False,win
ADAUSDT,TREND,SELL,21804,21805,0.2327,0.2408,3.5,0.1658,36.184,28.749,False,win
ADAUSDT,TREND,BUY,22447,22448,0.1658,0.16,3.5,0.1621,0.121,-3.5,True,lose
ADAUSDT,TREND,SELL,22713,22714,0.1621,0.1701,4.907,0.1705,2.468,-4.907,True,lose
ADAUSDT,TREND,BUY,22865,22866,0.1705,0.1638,3.957,0.1671,3.05,-1.994,False,win
ADAUSDT,TREND,BUY,23171,23172,0.1754,0.1693,3.5,0.1756,8.267,0.114,False,win
ADAUSDT,TREND,SELL,23283,23284,0.1756,0.1817,3.5,0.1501,20.615,14.522,False,win
ADAUSDT,TREND,SELL,24418,24419,0.1447,0.1496,3.403,0.1466,2.557,-1.313,False,win
ADAUSDT,TREND,BUY,24612,24613,0.1466,0.1415,3.5,0.1421,0.0,-3.07,False,lose
ADAUSDT,TREND,BUY,24731,24732,0.1522,0.1416,6.973,0.184,31.34,20.894,False,win
ADAUSDT,TREND,SELL,25220,25221,0.184,0.1904,3.5,0.1721,10.489,6.467,False,win
ADAUSDT,TREND,BUY,25736,25737,0.1721,0.1661,3.5,0.1632,0.581,-3.5,True,lose
ADAUSDT,TREND,SELL,25772,25773,0.1632,0.1689,3.5,0.1637,4.841,-0.306,False,win
ADAUSDT,TREND,BUY,26017,26018,0.1637,0.158,3.5,0.1619,3.421,-1.1,False,win
ADAUSDT,TREND,SELL,26194,26195,0.1619,0.1666,2.934,0.1658,2.656,-2.934,True,lose
ADAUSDT,TREND,BUY,26319,26320,0.1658,0.16,3.5,0.1616,2.051,-2.533,False,win
ADAUSDT,TREND,SELL,26563,26564,0.1616,0.1686,4.302,0.1683,0.681,-4.302,True,lose
ADAUSDT,TREND,BUY,26612,26613,0.1683,0.1624,3.5,0.1698,7.427,0.891,False,win
ADAUSDT,TREND,SELL,26887,26888,0.1698,0.1761,3.689,0.1655,5.006,2.532,False,win
ADAUSDT,TREND,SELL,27270,27271,0.1589,0.1645,3.5,0.1622,3.587,-2.077,False,win
ADAUSDT,TREND,BUY,27396,27397,0.1622,0.1565,3.5,0.1876,22.996,15.66,False,win
ADAUSDT,TREND,SELL,28188,28189,0.1876,0.193,2.873,0.2002,0.32,-2.873,True,lose
ADAUSDT,TREND,BUY,28229,28230,0.2002,0.1932,3.5,0.1966,5.744,-1.798,False,win
ADAUSDT,TREND,SELL,28498,28499,0.1966,0.2,1.729,0.1815,12.97,7.681,False,win
ADAUSDT,TREND,BUY,29480,29481,0.1815,0.1732,4.551,0.2165,42.59,19.284,False,win
AVAXUSDT,TREND,SELL,12,13,21.035,21.7712,3.5,20.174,9.627,4.093,False,win
AVAXUSDT,TREND,SELL,426,427,20.267,20.6499,1.889,20.768,3.997,-1.889,True,lose
AVAXUSDT,TREND,BUY,487,488,20.768,20.0411,3.5,19.468,0.347,-3.5,True,lose
AVAXUSDT,TREND,SELL,524,525,19.468,20.1494,3.5,19.536,5.553,-0.349,False,win
AVAXUSDT,TREND,SELL,712,713,19.053,19.7696,3.761,19.554,0.226,-2.63,False,lose
AVAXUSDT,TREND,BUY,743,744,19.554,18.8696,3.5,20.179,7.819,3.196,False,win
AVAXUSDT,TREND,SELL,1145,1146,20.179,20.5458,1.818,18.577,13.197,7.939,False,win
AVAXUSDT,TREND,SELL,1641,1642,18.263,18.9022,3.5,16.915,1.008,-3.5,True,lose
AVAXUSDT,TREND,SELL,2022,2023,16.034,16.5952,3.5,16.91,2.782,-3.5,True,lose
AVAXUSDT,TREND,SELL,2261,2262,16.905,17.5453,3.788,17.767,0.68,-3.788,True,lose
AVAXUSDT,TREND,BUY,2308,2309,17.767,17.1452,3.5,17.335,4.683,-2.431,False,win
AVAXUSDT,TREND,SELL,2518,2519,17.335,17.9068,3.299,17.562,4.13,-1.309,False,win
AVAXUSDT,TREND,BUY,2663,2664,17.562,16.9473,3.5,16.274,0.216,-3.5,True,lose
AVAXUSDT,TREND,SELL,2706,2707,16.274,16.8436,3.5,13.501,24.727,17.039,False,win
AVAXUSDT,TREND,BUY,3710,3711,13.501,13.1263,2.775,14.825,13.006,9.807,False,win
AVAXUSDT,TREND,BUY,4519,4520,13.44,12.8118,4.674,14.386,12.173,7.039,False,win
AVAXUSDT,TREND,SELL,4731,4732,14.386,14.8763,3.408,13.766,10.329,4.31,False,win
AVAXUSDT,TREND,SELL,5323,5324,13.982,14.8432,6.16,13.626,7.953,2.546,False,win
AVAXUSDT,TREND,BUY,6128,6129,11.933,11.2441,5.773,12.117,4.408,1.542,False,win
AVAXUSDT,TREND,SELL,6533,6534,11.932,12.3395,3.415,12.214,0.511,-3.415,True,lose
AVAXUSDT,TREND,BUY,6779,6780,12.537,11.998,4.299,12.254,0.295,-2.257,False,lose
AVAXUSDT,TREND,BUY,7061,7062,12.863,12.4972,2.844,12.568,2.604,-2.844,True,lose
AVAXUSDT,TREND,BUY,8375,8376,13.886,13.4,3.5,13.63,2.369,-1.844,False,win
AVAXUSDT,TREND,BUY,8548,8549,14.067,13.5747,3.5,14.136,6.242,0.491,False,win
AVAXUSDT,TREND,SELL,8696,8697,14.136,14.6308,3.5,13.866,6.812,1.91,False,win
AVAXUSDT,TREND,BUY,9850,9851,11.805,11.3918,3.5,11.794,4.049,-0.093,False,win
AVAXUSDT,TREND,BUY,10860,10861,9.247,8.9234,3.5,8.916,2.347,-3.5,True,lose
AVAXUSDT,TREND,SELL,11117,11118,8.916,9.2281,3.5,8.862,5.462,0.606,False,win
AVAXUSDT,TREND,SELL,11729,11730,9.25,9.5737,3.5,9.161,6.454,0.962,False,win
AVAXUSDT,TREND,BUY,12167,12168,9.161,8.8627,3.256,9.058,3.144,-1.124,False,win
AVAXUSDT,TREND,BUY,12627,12628,8.679,8.2356,5.109,9.142,13.389,5.335,False,win
AVAXUSDT,TREND,SELL,12783,12784,9.142,9.462,3.5,9.145,0.602,-3.5,True,lose
AVAXUSDT,TREND,BUY,12989,12990,9.145,8.8249,3.5,8.87,3.084,-3.007,False,win
AVAXUSDT,TREND,SELL,13241,13242,9.009,9.3243,3.5,9.456,1.31,-3.5,True,lose
AVAXUSDT,TREND,BUY,13328,13329,9.456,8.9905,4.923,9.211,3.437,-2.591,False,win
AVAXUSDT,TREND,SELL,13531,13532,9.211,9.5334,3.5,9.153,5.841,0.63,False,win
AVAXUSDT,TREND,SELL,14681,14682,9.972,10.321,3.5,9.428,11.081,5.455,False,win
AVAXUSDT,TREND,BUY,15163,15164,9.428,8.9006,5.594,9.443,3.861,0.159,False,win
AVAXUSDT,TREND,SELL,15426,15427,9.443,9.7366,3.109,8.911,8.313,5.634,False,win
AVAXUSDT,TREND,BUY,15668,15669,8.911,8.7499,1.808,8.798,0.045,-1.808,True,lose
AVAXUSDT,TREND,BUY,15817,15818,8.914,8.602,3.5,8.756,1.851,-1.772,False,lose
AVAXUSDT,TREND,BUY,16001,16002,9.081,8.7632,3.5,8.768,4.394,-3.447,False,win
AVAXUSDT,TREND,BUY,16204,16205,8.894,8.5827,3.5,8.815,2.811,-0.888,False,win
AVAXUSDT,TREND,BUY,16458,16459,9.185,8.7948,4.248,8.903,5.204,-3.07,False,win
AVAXUSDT,TREND,SELL,16550,16551,8.903,9.2146,3.5,9.146,4.976,-2.729,False,win
AVAXUSDT,TREND,BUY,16642,16643,9.146,8.8259,3.5,8.979,5.172,-1.826,False,win
AVAXUSDT,TREND,SELL,16747,16748,8.979,9.2933,3.5,9.286,0.791,-3.5,True,lose
AVAXUSDT,TREND,BUY,17013,17014,9.488,9.1702,3.349,9.087,1.286,-3.349,True,lose
AVAXUSDT,TREND,BUY,17200,17201,9.331,8.9476,4.109,9.422,7.234,0.975,False,win
AVAXUSDT,TREND,SELL,17652,17653,9.422,9.7518,3.5,9.301,4.893,1.284,False,win
AVAXUSDT,TREND,SELL,18737,18738,9.18,9.4562,3.008,9.174,2.963,0.065,False,win
AVAXUSDT,TREND,BUY,19158,19159,9.323,8.9735,3.749,9.441,4.837,1.266,False,win
AVAXUSDT,TREND,BUY,19596,19597,9.753,9.4838,2.761,10.076,7.485,3.312,False,win
AVAXUSDT,TREND,SELL,19841,19842,10.076,10.4287,3.5,10.026,4.039,0.496,False,win
AVAXUSDT,TREND,SELL,20069,20070,9.797,10.1672,3.779,10.01,1.878,-2.174,False,lose
AVAXUSDT,TREND,SELL,20255,20256,9.696,10.0354,3.5,9.255,7.88,4.548,False,win
AVAXUSDT,TREND,SELL,20953,20954,9.211,9.6134,4.369,9.146,4.104,0.706,False,win
AVAXUSDT,TREND,BUY,21039,21040,9.146,8.8259,3.5,9.206,4.855,0.656,False,win
AVAXUSDT,TREND,SELL,21265,21266,9.203,9.5251,3.5,8.988,6.031,2.336,False,win
AVAXUSDT,TREND,BUY,22869,22870,6.646,6.4593,2.809,6.544,1.896,-1.535,False,lose
AVAXUSDT,TREND,BUY,23172,23173,6.742,6.3614,5.645,6.778,4.954,0.534,False,win
AVAXUSDT,TREND,BUY,23741,23742,6.136,6.016,1.956,6.149,3.814,0.212,False,win
AVAXUSDT,TREND,SELL,23851,23852,6.149,6.3642,3.5,6.402,0.0,-3.5,True,lose
AVAXUSDT,TREND,BUY,24033,24034,6.426,6.2566,2.636,6.118,1.774,-2.636,True,lose
AVAXUSDT,TREND,BUY,24146,24147,6.393,6.1692,3.5,5.974,3.785,-3.5,True,lose
AVAXUSDT,TREND,SELL,24193,24194,5.974,6.1831,3.5,6.494,0.033,-3.5,True,lose
AVAXUSDT,TREND,SELL,24418,24419,6.379,6.68,4.719,6.585,1.771,-3.229,False,lose
AVAXUSDT,TREND,BUY,24541,24542,6.585,6.3545,3.5,6.392,3.538,-2.931,False,win
AVAXUSDT,TREND,SELL,25308,25309,6.757,7.0986,5.056,6.732,6.601,0.37,False,win
AVAXUSDT,TREND,SELL,25768,25769,6.556,6.7855,3.5,6.635,4.332,-1.205,False,win
AVAXUSDT,TREND,BUY,25905,25906,6.635,6.4028,3.5,6.601,0.708,-3.5,True,lose
AVAXUSDT,TREND,SELL,26754,26755,6.477,6.6219,2.237,6.607,0.232,-2.237,True,lose
AVAXUSDT,TREND,BUY,27073,27074,6.475,6.2177,3.974,6.522,5.699,0.726,False,win
AVAXUSDT,TREND,SELL,27269,27270,6.522,6.704,2.791,6.618,2.591,-1.472,False,win
AVAXUSDT,TREND,BUY,27392,27393,6.618,6.3864,3.5,6.426,0.302,-3.5,True,lose
AVAXUSDT,TREND,BUY,27800,27801,6.332,6.1104,3.5,6.408,5.591,1.2,False,win
AVAXUSDT,TREND,SELL,27901,27902,6.408,6.6323,3.5,6.57,0.687,-2.528,False,lose
AVAXUSDT,TREND,BUY,27958,27959,6.57,6.34,3.5,6.584,6.332,0.213,False,win
AVAXUSDT,TREND,SELL,28128,28129,6.584,6.7301,2.219,6.515,3.736,1.048,False,win
AVAXUSDT,TREND,BUY,28798,28799,6.407,6.1967,3.282,6.355,2.216,-0.812,False,win
AVAXUSDT,TREND,BUY,29479,29480,6.671,6.2686,6.032,7.583,24.884,13.671,False,win
BNBUSDT,TREND,SELL,12,13,1140.49,1192.5662,4.566,1118.02,10.477,1.97,False,win
BNBUSDT,TREND,SELL,405,406,1097.9,1136.3265,3.5,1105.0,4.271,-0.647,False,win
BNBUSDT,TREND,BUY,643,644,1105.0,1066.325,3.5,1100.82,4.963,-0.378,False,win
BNBUSDT,TREND,SELL,1180,1181,1098.94,1150.6234,4.703,968.98,20.017,11.826,False,win
BNBUSDT,TREND,BUY,2091,2092,968.98,935.0657,3.5,935.47,0.042,-3.5,True,lose
BNBUSDT,TREND,BUY,2134,2135,983.58,924.4313,6.014,979.49,3.616,-0.416,False,win
BNBUSDT,TREND,SELL,3274,3275,897.87,929.2954,3.5,847.33,11.912,5.629,False,win
BNBUSDT,TREND,BUY,3609,3610,847.33,817.6735,3.5,842.76,3.502,-0.539,False,win
BNBUSDT,TREND,SELL,3846,3847,842.76,872.2566,3.5,885.33,0.327,-3.5,True,lose
BNBUSDT,TREND,BUY,3951,3952,885.33,850.8418,3.896,885.88,2.447,0.062,False,win
BNBUSDT,TREND,SELL,4363,4364,849.75,879.4912,3.5,841.07,5.69,1.021,False,win
BNBUSDT,TREND,BUY,4508,4509,841.07,811.6326,3.5,897.24,10.44,6.678,False,win
BNBUSDT,TREND,SELL,4731,4732,897.24,918.0751,2.322,895.04,2.978,0.245,False,win
BNBUSDT,TREND,SELL,4997,4998,874.0,904.59,3.5,905.26,0.356,-3.5,True,lose
BNBUSDT,TREND,BUY,5416,5417,888.2,857.113,3.5,883.61,1.882,-0.517,False,lose
BNBUSDT,TREND,SELL,8765,8766,925.94,947.6393,2.343,942.75,0.229,-1.815,False,lose
BNBUSDT,TREND,SELL,9066,9067,913.66,955.2607,4.553,897.49,5.381,1.77,False,win
BNBUSDT,TREND,SELL,10581,10582,737.12,762.9192,3.5,665.07,0.091,-3.5,True,lose
BNBUSDT,TREND,SELL,10929,10930,636.24,664.9059,4.506,615.58,7.735,3.247,False,win
BNBUSDT,TREND,SELL,11729,11730,613.92,635.4072,3.5,626.46,1.583,-2.043,False,lose
BNBUSDT,TREND,SELL,11920,11921,613.06,634.5171,3.5,617.6,2.903,-0.741,False,win
BNBUSDT,TREND,BUY,12204,12205,617.6,600.0985,2.834,619.71,2.837,0.342,False,win
BNBUSDT,TREND,BUY,12480,12481,611.82,590.4063,3.5,589.62,0.026,-3.5,True,lose
BNBUSDT,TREND,SELL,12538,12539,589.62,610.2567,3.5,595.22,2.207,-0.95,False,win
BNBUSDT,TREND,SELL,12858,12859,614.7,634.951,3.294,617.13,4.28,-0.395,False,win
BNBUSDT,TREND,BUY,12992,12993,617.13,595.5304,3.5,625.46,5.884,1.35,False,win
BNBUSDT,TREND,SELL,13237,13238,625.46,647.3511,3.5,652.08,0.777,-3.5,True,lose
BNBUSDT,TREND,BUY,13326,13327,652.08,625.061,4.144,644.79,2.201,-1.118,False,win
BNBUSDT,TREND,SELL,13505,13506,644.79,667.3576,3.5,627.27,5.774,2.717,False,win
BNBUSDT,TREND,BUY,13814,13815,627.27,605.3155,3.5,653.16,8.341,4.127,False,win
BNBUSDT,TREND,SELL,16083,16084,599.91,620.9068,3.5,588.99,4.867,1.82,False,win
BNBUSDT,TREND,SELL,21827,21828,711.65,736.5577,3.5,588.7,21.748,17.277,False,win
BNBUSDT,TREND,BUY,22437,22438,588.7,568.0955,3.5,586.12,3.82,-0.438,False,win
BNBUSDT,TREND,BUY,23174,23175,615.54,602.0955,2.184,605.57,2.863,-2.184,True,lose
BNBUSDT,TREND,SELL,24193,24194,542.17,573.5691,5.791,561.02,0.0,-3.477,False,lose
BTCUSDT,TREND,SELL,14,15,108432.0,112227.12,3.5,107730.6,4.576,0.647,False,win
BTCUSDT,TREND,BUY,487,488,112899.9,108948.4035,3.5,107930.1,0.921,-3.5,True,lose
BTCUSDT,TREND,SELL,1687,1688,108079.9,110877.0665,2.588,103889.9,8.504,3.877,False,win
BTCUSDT,TREND,BUY,1938,1939,103889.9,100253.7535,3.5,101316.5,0.585,-3.5,True,lose
BTCUSDT,TREND,SELL,2032,2033,101316.5,104862.5775,3.5,103145.0,2.089,-1.805,False,win
BTCUSDT,TREND,SELL,2505,2506,103417.2,107036.802,3.5,104708.7,0.984,-1.249,False,lose
BTCUSDT,TREND,SELL,2603,2604,101750.2,105454.9455,3.641,92591.1,12.519,9.002,False,win
BTCUSDT,TREND,SELL,3372,3373,88199.0,91285.965,3.5,86120.0,8.616,2.357,False,win
BTCUSDT,TREND,BUY,3604,3605,86120.0,83105.8,3.5,86916.1,3.55,0.924,False,win
BTCUSDT,TREND,BUY,3954,3955,90001.1,86131.5087,4.299,88338.3,3.421,-1.848,False,win
BTCUSDT,TREND,SELL,4363,4364,88338.3,91430.1405,3.5,88784.0,5.153,-0.505,False,win
BTCUSDT,TREND,BUY,4516,4517,88784.0,86191.5185,2.92,91985.6,6.083,3.606,False,win
BTCUSDT,TREND,BUY,5195,5196,93344.8,90077.732,3.5,91044.0,1.296,-2.465,False,lose
BTCUSDT,TREND,SELL,5327,5328,91044.0,94585.3656,3.89,92823.6,2.025,-1.955,False,win
BTCUSDT,TREND,BUY,5888,5889,87843.7,84769.1705,3.5,86607.0,2.868,-1.408,False,win
BTCUSDT,TREND,SELL,6088,6089,85444.7,88435.2645,3.5,88063.2,0.447,-3.065,False,lose
BTCUSDT,TREND,BUY,6125,6126,88063.2,84980.988,3.5,88229.0,2.88,0.188,False,win
BTCUSDT,TREND,BUY,7209,7210,88966.8,85852.962,3.5,87588.4,0.436,-1.549,False,lose
BTCUSDT,TREND,BUY,9524,9525,90700.9,88397.205,2.54,89207.3,0.0,-1.647,False,lose
BTCUSDT,TREND,SELL,10576,10577,75120.3,77749.5105,3.5,69220.6,20.394,7.854,False,win
BTCUSDT,TREND,BUY,10858,10859,69220.6,66797.879,3.5,68832.9,4.449,-0.56,False,win
BTCUSDT,TREND,SELL,11718,11719,69174.0,71044.9077,2.705,67910.6,5.173,1.826,False,win
BTCUSDT,TREND,BUY,12625,12626,65860.4,63555.286,3.5,67406.8,6.284,2.348,False,win
BTCUSDT,TREND,SELL,12800,12801,67406.8,69766.038,3.5,66723.9,6.568,1.013,False,win
BTCUSDT,TREND,BUY,12987,12988,66723.9,64388.5635,3.5,66462.9,5.06,-0.391,False,win
BTCUSDT,TREND,SELL,13234,13235,66462.9,68789.1015,3.5,69393.7,0.576,-3.5,True,lose
BTCUSDT,TREND,BUY,13322,13323,69393.7,67248.975,3.091,71187.2,6.705,2.585,False,win
BTCUSDT,TREND,SELL,13479,13480,71187.2,73678.752,3.5,69377.9,7.892,2.542,False,win
BTCUSDT,TREND,BUY,13828,13829,69377.9,66949.6735,3.5,70656.7,6.475,1.843,False,win
BTCUSDT,TREND,SELL,14684,14685,72393.2,74926.962,3.5,70680.5,7.035,2.366,False,win
BTCUSDT,TREND,SELL,15278,15279,69205.2,71627.382,3.5,71195.8,0.463,-2.876,False,lose
BTCUSDT,TREND,BUY,15975,15976,68224.2,65836.353,3.5,66571.4,1.559,-2.423,False,lose
BTCUSDT,TREND,BUY,16644,16645,70726.3,67609.4335,4.407,71737.3,4.308,1.429,False,win
BTCUSDT,TREND,SELL,17043,17044,71737.3,73884.0601,2.993,71823.6,1.783,-0.12,False,lose
BTCUSDT,TREND,BUY,17193,17194,71823.6,69309.774,3.5,76034.5,9.017,5.863,False,win
BTCUSDT,TREND,BUY,17874,17875,76237.4,73569.091,3.5,77483.0,4.206,1.634,False,win
BTCUSDT,TREND,BUY,22434,22435,61643.3,59485.7845,3.5,61511.6,4.229,-0.214,False,win
BTCUSDT,TREND,BUY,23169,23170,65284.4,63554.525,2.65,65730.4,3.019,0.683,False,win
BTCUSDT,TREND,BUY,25267,25268,63735.4,61205.0545,3.97,62592.1,1.501,-1.794,False,lose
BTCUSDT,TREND,BUY,26607,26608,65476.4,63184.726,3.5,65770.2,2.211,0.449,False,win
BTCUSDT,TREND,SELL,29825,29826,76065.0,78727.275,3.5,77808.7,0.256,-2.292,False,lose
DOGEUSDT,TREND,BUY,488,489,0.2051,0.1917,6.532,0.193,0.224,-5.914,False,lose
DOGEUSDT,TREND,SELL,536,537,0.193,0.1997,3.5,0.1943,4.405,-0.684,False,win
DOGEUSDT,TREND,BUY,947,948,0.1989,0.1942,2.379,0.2021,5.288,1.588,False,win
DOGEUSDT,TREND,SELL,1090,1091,0.2021,0.2059,1.904,0.1861,12.757,7.932,False,win
DOGEUSDT,TREND,SELL,2023,2024,0.1608,0.1665,3.5,0.165,2.449,-3.5,True,lose
DOGEUSDT,TREND,SELL,2262,2263,0.1726,0.1768,2.395,0.18,0.886,-2.395,True,lose
DOGEUSDT,TREND,BUY,2329,2330,0.18,0.1737,3.5,0.175,3.516,-2.788,False,win
DOGEUSDT,TREND,SELL,2515,2516,0.175,0.1791,2.313,0.1778,2.383,-1.577,False,win
DOGEUSDT,TREND,SELL,2606,2607,0.1687,0.1787,5.975,0.1758,0.931,-4.239,False,lose
DOGEUSDT,TREND,SELL,2706,2707,0.1645,0.1779,8.124,0.1611,9.274,2.115,False,win
DOGEUSDT,TREND,BUY,3187,3188,0.1611,0.1554,3.5,0.1533,1.142,-3.5,True,lose
DOGEUSDT,TREND,SELL,3275,3276,0.1533,0.1599,4.311,0.1584,4.096,-3.3,False,win
DOGEUSDT,TREND,BUY,3612,3613,0.1437,0.1387,3.5,0.1483,7.082,3.145,False,win
DOGEUSDT,TREND,BUY,3953,3954,0.1557,0.1483,4.711,0.1502,0.681,-3.527,False,lose
DOGEUSDT,TREND,BUY,4515,4516,0.1389,0.1342,3.407,0.1479,10.426,6.523,False,win
DOGEUSDT,TREND,SELL,4751,4752,0.1479,0.1531,3.5,0.1421,8.902,3.981,False,win
DOGEUSDT,TREND,BUY,5021,5022,0.1421,0.1346,5.267,0.1402,2.063,-1.323,False,win
DOGEUSDT,TREND,SELL,5175,5176,0.1402,0.1451,3.5,0.1492,0.064,-3.5,True,lose
DOGEUSDT,TREND,BUY,5194,5195,0.1492,0.1439,3.5,0.1432,2.668,-3.5,True,lose
DOGEUSDT,TREND,SELL,5321,5322,0.1432,0.1505,5.079,0.1396,6.339,2.52,False,win
DOGEUSDT,TREND,SELL,5657,5658,0.1367,0.1415,3.5,0.1315,7.446,3.811,False,win
DOGEUSDT,TREND,SELL,5972,5973,0.1258,0.1365,8.519,0.1278,4.707,-1.59,False,win
DOGEUSDT,TREND,BUY,6120,6121,0.1278,0.1233,3.5,0.1291,4.477,1.025,False,win
DOGEUSDT,TREND,SELL,6342,6343,0.1291,0.1336,3.502,0.1322,0.139,-3.502,True,lose
DOGEUSDT,TREND,SELL,6533,6534,0.1288,0.1315,2.101,0.1241,6.458,3.671,False,win
DOGEUSDT,TREND,SELL,7891,7892,0.1451,0.1568,8.09,0.1406,7.045,3.054,False,win
DOGEUSDT,TREND,BUY,8547,8548,0.1406,0.1357,3.5,0.1427,7.566,1.444,False,win
DOGEUSDT,TREND,SELL,8696,8697,0.1427,0.1477,3.5,0.1281,16.389,10.234,False,win
DOGEUSDT,TREND,SELL,9424,9425,0.1248,0.1291,3.5,0.125,5.787,-0.2,False,win
DOGEUSDT,TREND,BUY,9898,9899,0.125,0.1211,3.105,0.1221,2.136,-2.304,False,win
DOGEUSDT,TREND,SELL,10039,10040,0.1221,0.1265,3.545,0.1097,22.55,10.202,False,win
DOGEUSDT,TREND,SELL,10666,10667,0.1037,0.1073,3.5,0.0995,22.934,4.07,False,win
DOGEUSDT,TREND,BUY,10860,10861,0.0995,0.096,3.5,0.0952,2.734,-3.5,True,lose
DOGEUSDT,TREND,SELL,11112,11113,0.0952,0.0985,3.5,0.0939,7.713,1.334,False,win
DOGEUSDT,TREND,SELL,11728,11729,0.1057,0.1094,3.5,0.0999,9.689,5.431,False,win
DOGEUSDT,TREND,BUY,12232,12233,0.0999,0.0965,3.5,0.0981,0.99,-1.871,False,lose
DOGEUSDT,TREND,SELL,12505,12506,0.0928,0.0977,5.286,0.0935,3.168,-0.733,False,win
DOGEUSDT,TREND,BUY,12658,12659,0.0935,0.0902,3.5,0.0983,13.563,5.156,False,win
DOGEUSDT,TREND,SELL,12779,12780,0.0983,0.1018,3.5,0.0938,10.904,4.567,False,win
DOGEUSDT,TREND,BUY,12993,12994,0.0938,0.0905,3.5,0.091,4.306,-2.984,False,win
DOGEUSDT,TREND,SELL,13082,13083,0.091,0.0942,3.5,0.097,0.582,-3.5,True,lose
DOGEUSDT,TREND,SELL,13222,13223,0.0917,0.0949,3.5,0.093,3.794,-1.363,False,win
DOGEUSDT,TREND,BUY,13334,13335,0.093,0.0884,4.94,0.095,12.142,2.173,False,win
DOGEUSDT,TREND,SELL,13443,13444,0.095,0.0981,3.249,0.0915,8.916,3.653,False,win
DOGEUSDT,TREND,BUY,14107,14108,0.0956,0.0916,4.233,0.0959,6.651,0.324,False,win
DOGEUSDT,TREND,SELL,14680,14681,0.097,0.1004,3.5,0.0942,8.223,2.937,False,win
DOGEUSDT,TREND,BUY,15650,15651,0.093,0.0897,3.5,0.091,2.539,-2.13,False,win
DOGEUSDT,TREND,BUY,15805,15806,0.0929,0.0877,5.567,0.09,1.087,-3.154,False,lose
DOGEUSDT,TREND,SELL,15920,15921,0.09,0.0931,3.5,0.0932,0.756,-3.5,True,lose
DOGEUSDT,TREND,BUY,16001,16002,0.0932,0.0899,3.5,0.0901,1.427,-3.5,True,lose
DOGEUSDT,TREND,SELL,16085,16086,0.0901,0.0932,3.5,0.092,1.277,-2.121,False,lose
DOGEUSDT,TREND,BUY,16642,16643,0.0934,0.0901,3.5,0.0914,2.849,-2.142,False,win
DOGEUSDT,TREND,BUY,17209,17210,0.093,0.0898,3.5,0.0971,9.802,4.364,False,win
DOGEUSDT,TREND,SELL,17648,17649,0.0971,0.1005,3.5,0.0958,4.779,1.298,False,win
DOGEUSDT,TREND,SELL,18537,18538,0.0972,0.0994,2.273,0.0996,0.154,-2.273,True,lose
DOGEUSDT,TREND,BUY,18587,18588,0.0996,0.0961,3.5,0.1018,12.427,2.218,False,win
DOGEUSDT,TREND,SELL,19433,19434,0.1124,0.1163,3.5,0.1094,6.113,2.625,False,win
DOGEUSDT,TREND,BUY,19620,19621,0.1094,0.1056,3.5,0.1084,1.69,-0.914,False,lose
DOGEUSDT,TREND,SELL,20492,20493,0.1067,0.1114,4.43,0.1057,4.583,0.909,False,win
DOGEUSDT,TREND,SELL,20957,20958,0.1039,0.1076,3.5,0.1042,6.524,-0.221,False,win
DOGEUSDT,TREND,BUY,21052,21053,0.1042,0.1005,3.5,0.1009,0.826,-3.5,True,lose
DOGEUSDT,TREND,BUY,22426,22427,0.0832,0.0803,3.5,0.0843,5.216,1.274,False,win
DOGEUSDT,TREND,SELL,22700,22701,0.0843,0.0858,1.838,0.085,2.955,-0.878,False,win
DOGEUSDT,TREND,SELL,23290,23291,0.0873,0.0903,3.5,0.0842,6.302,3.506,False,win
DOGEUSDT,TREND,SELL,23846,23847,0.0825,0.0839,1.692,0.0844,0.473,-1.692,True,lose
DOGEUSDT,TREND,BUY,23903,23904,0.0844,0.0814,3.5,0.082,0.77,-2.797,False,lose
DOGEUSDT,TREND,SELL,23940,23941,0.082,0.0849,3.5,0.0773,11.301,5.742,False,win
DOGEUSDT,TREND,BUY,24169,24170,0.0773,0.0756,2.177,0.0717,0.026,-2.177,True,lose
DOGEUSDT,TREND,SELL,24193,24194,0.0717,0.0776,8.223,0.0759,0.014,-5.816,False,lose
DOGEUSDT,TREND,SELL,24417,24418,0.0746,0.0765,2.649,0.0733,6.828,1.636,False,win
DOGEUSDT,TREND,SELL,25109,25110,0.0758,0.0785,3.5,0.0785,0.738,-3.5,True,lose
DOGEUSDT,TREND,BUY,25585,25586,0.0738,0.0712,3.5,0.0727,2.384,-1.531,False,win
DOGEUSDT,TREND,BUY,26016,26017,0.0739,0.0718,2.785,0.0731,2.003,-1.056,False,win
DOGEUSDT,TREND,SELL,27284,27285,0.0717,0.0733,2.274,0.0701,5.692,2.218,False,win
DOGEUSDT,TREND,SELL,29977,29978,0.0891,0.0935,5.008,0.0911,0.505,-2.257,False,lose
ETHUSDT,TREND,SELL,19,20,3887.38,4023.4383,3.5,3884.95,5.566,0.063,False,win
ETHUSDT,TREND,BUY,210,211,3884.95,3840.3408,1.148,3961.61,1.932,-1.148,True,lose
ETHUSDT,TREND,BUY,657,658,3888.88,3752.7692,3.5,4069.17,9.363,4.636,False,win
ETHUSDT,TREND,SELL,1110,1111,4069.17,4211.5909,3.5,3853.87,9.62,5.291,False,win
ETHUSDT,TREND,SELL,1685,1686,3797.4,3920.8725,3.252,3433.78,19.55,9.575,False,win
ETHUSDT,TREND,BUY,1937,1938,3433.78,3267.3316,4.847,3259.71,1.317,-4.847,True,lose
ETHUSDT,TREND,BUY,2307,2308,3553.74,3429.3591,3.5,3485.46,2.934,-1.921,False,win
ETHUSDT,TREND,SELL,2503,2504,3485.46,3598.3895,3.24,3548.24,2.365,-1.801,False,win
ETHUSDT,TREND,SELL,2606,2607,3400.98,3592.6209,5.635,3537.16,0.887,-4.004,False,lose
ETHUSDT,TREND,BUY,2665,2666,3537.16,3413.3594,3.5,3366.66,0.335,-3.5,True,lose
ETHUSDT,TREND,SELL,2699,2700,3366.66,3484.4931,3.5,3157.0,12.575,6.228,False,win
ETHUSDT,TREND,BUY,3188,3189,3157.0,3046.505,3.5,3030.15,0.389,-3.5,True,lose
ETHUSDT,TREND,BUY,3603,3604,2816.7,2728.2415,3.141,2993.33,10.022,6.271,False,win
ETHUSDT,TREND,SELL,4363,4364,2891.77,2992.9819,3.5,2885.99,6.007,0.2,False,win
ETHUSDT,TREND,BUY,4516,4517,2885.99,2776.4291,3.796,3102.42,12.241,7.499,False,win
ETHUSDT,TREND,SELL,4805,4806,3102.42,3211.0047,3.5,3129.02,6.404,-0.857,False,win
ETHUSDT,TREND,BUY,5014,5015,3129.02,2899.3944,7.339,3209.79,10.134,2.581,False,win
ETHUSDT,TREND,SELL,5333,5334,3209.79,3451.2892,7.524,3158.6,5.835,1.595,False,win
ETHUSDT,TREND,SELL,5768,5769,3011.82,3181.7655,5.643,2934.57,7.381,2.565,False,win
ETHUSDT,TREND,BUY,6050,6051,2934.57,2831.8601,3.5,2992.43,2.129,-3.5,True,lose
ETHUSDT,TREND,SELL,6468,6469,2992.43,3097.165,3.5,2979.08,3.532,0.446,False,win
ETHUSDT,TREND,BUY,8553,8554,3183.11,3071.7011,3.5,3296.49,6.932,3.562,False,win
ETHUSDT,TREND,SELL,9067,9068,3202.7,3373.032,5.318,2943.77,13.069,8.085,False,win
ETHUSDT,TREND,SELL,10052,10053,2955.33,3058.7665,3.5,2041.4,41.258,30.925,False,win
ETHUSDT,TREND,BUY,10862,10863,2041.4,1969.951,3.5,2026.98,5.418,-0.706,False,win
ETHUSDT,TREND,SELL,11123,11124,2026.98,2097.9243,3.5,2124.85,0.936,-3.5,True,lose
ETHUSDT,TREND,BUY,11527,11528,2038.73,1967.3745,3.5,2001.2,3.35,-1.841,False,win
ETHUSDT,TREND,SELL,11713,11714,2001.2,2105.8841,5.231,2029.29,3.716,-1.404,False,win
ETHUSDT,TREND,BUY,11979,11980,2029.29,1964.3191,3.202,1951.37,0.035,-3.202,True,lose
ETHUSDT,TREND,SELL,12021,12022,1951.37,2019.6679,3.5,1973.29,2.351,-1.123,False,win
ETHUSDT,TREND,BUY,12626,12627,1933.91,1866.2232,3.5,1987.44,11.171,2.768,False,win
ETHUSDT,TREND,SELL,12785,12786,1987.44,2057.0004,3.5,1958.23,0.702,-3.5,True,lose
ETHUSDT,TREND,BUY,12992,12993,1958.23,1889.6919,3.5,1944.79,4.925,-0.686,False,win
ETHUSDT,TREND,BUY,13327,13328,2075.44,1940.4849,6.502,2071.8,5.976,-0.175,False,win
ETHUSDT,TREND,SELL,13483,13484,2071.8,2102.449,1.479,2014.94,7.972,2.744,False,win
ETHUSDT,TREND,BUY,13808,13809,2014.94,1944.4171,3.5,2078.66,9.655,3.162,False,win
ETHUSDT,TREND,SELL,14683,14684,2262.53,2341.7186,3.5,2144.18,10.65,5.231,False,win
ETHUSDT,TREND,BUY,15164,15165,2144.18,2018.5476,5.859,2120.71,2.608,-1.095,False,win
ETHUSDT,TREND,SELL,15429,15430,2120.71,2194.9348,3.5,2027.21,7.286,4.409,False,win
ETHUSDT,TREND,BUY,15656,15657,2027.21,1988.2132,1.924,1994.88,0.087,-1.924,True,lose
ETHUSDT,TREND,BUY,15803,15804,2046.0,1933.6352,5.492,2052.97,5.924,0.341,False,win
ETHUSDT,TREND,SELL,16088,16089,2052.97,2124.8239,3.5,2064.43,1.823,-0.558,False,lose
ETHUSDT,TREND,BUY,16454,16455,2096.4,2023.026,3.5,2107.99,3.721,0.553,False,win
ETHUSDT,TREND,SELL,16568,16569,2107.99,2181.7696,3.5,2177.01,2.371,-3.5,True,lose
ETHUSDT,TREND,BUY,16644,16645,2177.01,2100.8147,3.5,2179.97,4.409,0.136,False,win
ETHUSDT,TREND,BUY,16897,16898,2221.64,2143.8826,3.5,2222.26,4.877,0.028,False,win
ETHUSDT,TREND,SELL,17045,17046,2222.26,2333.485,5.005,2240.74,2.217,-0.832,False,win
ETHUSDT,TREND,BUY,17207,17208,2240.74,2171.2183,3.103,2323.71,7.839,3.703,False,win
ETHUSDT,TREND,BUY,17424,17425,2353.64,2339.7551,0.59,2374.59,0.629,-0.59,True,lose
ETHUSDT,TREND,SELL,18105,18106,2339.62,2421.5067,3.5,2331.82,2.407,0.333,False,win
ETHUSDT,TREND,SELL,18733,18734,2266.22,2349.9997,3.697,2282.87,2.091,-0.735,False,win
ETHUSDT,TREND,SELL,19410,19411,2348.46,2426.1538,3.308,2314.24,3.621,1.457,False,win
ETHUSDT,TREND,SELL,20069,20070,2266.43,2326.164,2.636,2315.13,1.475,-2.149,False,lose
ETHUSDT,TREND,BUY,21614,21615,2041.51,1972.4069,3.385,2006.09,0.107,-1.735,False,lose
ETHUSDT,TREND,BUY,22434,22435,1599.41,1543.4307,3.5,1627.79,7.638,1.774,False,win
ETHUSDT,TREND,BUY,23169,23170,1717.9,1650.88,3.901,1761.46,7.619,2.536,False,win
ETHUSDT,TREND,SELL,23848,23849,1705.69,1741.0276,2.072,1762.68,0.107,-2.072,True,lose
ETHUSDT,TREND,BUY,23896,23897,1762.68,1700.9862,3.5,1712.85,0.926,-2.827,False,lose
ETHUSDT,TREND,BUY,24166,24167,1652.28,1594.4502,3.5,1537.0,0.407,-3.5,True,lose
ETHUSDT,TREND,BUY,25592,25593,1775.16,1734.0051,2.318,1788.23,3.062,0.736,False,win
ETHUSDT,TREND,BUY,26013,26014,1860.7,1795.5755,3.5,1887.39,4.625,1.434,False,win
ETHUSDT,TREND,SELL,26882,26883,1901.31,1967.8558,3.5,1874.86,2.9,1.391,False,win
ETHUSDT,TREND,SELL,29769,29770,2410.36,2494.7226,3.5,2449.22,2.281,-1.612,False,win
LINKUSDT,TREND,SELL,20,21,17.693,18.3123,3.5,17.106,11.36,3.318,False,win
LINKUSDT,TREND,BUY,276,277,17.106,16.4942,3.576,17.731,12.124,3.654,False,win
LINKUSDT,TREND,SELL,445,446,17.731,18.9774,7.03,17.687,5.865,0.248,False,win
LINKUSDT,TREND,BUY,743,744,17.687,17.068,3.5,17.756,3.149,0.39,False,win
LINKUSDT,TREND,BUY,953,954,18.309,17.6682,3.5,18.206,4.08,-0.563,False,win
LINKUSDT,TREND,SELL,1687,1688,16.525,17.6855,7.023,15.176,17.18,8.163,False,win
LINKUSDT,TREND,BUY,1958,1959,15.176,14.6448,3.5,14.388,0.593,-3.5,True,lose
LINKUSDT,TREND,BUY,2127,2128,15.797,14.2786,9.612,15.195,2.633,-3.811,False,win
LINKUSDT,TREND,BUY,2313,2314,15.813,15.2595,3.5,15.669,6.172,-0.911,False,win
LINKUSDT,TREND,SELL,2520,2521,15.669,16.3124,4.106,16.107,3.159,-2.795,False,win
LINKUSDT,TREND,SELL,2605,2606,15.161,16.2684,7.304,15.879,1.675,-4.736,False,lose
LINKUSDT,TREND,SELL,2704,2705,14.767,15.2838,3.5,13.802,11.627,6.535,False,win
LINKUSDT,TREND,SELL,3235,3236,13.275,13.7396,3.5,13.769,3.902,-3.5,True,lose
LINKUSDT,TREND,BUY,3325,3326,13.769,13.2871,3.5,12.837,1.678,-3.5,True,lose
LINKUSDT,TREND,BUY,3609,3610,12.455,12.0191,3.5,13.155,8.936,5.62,False,win
LINKUSDT,TREND,SELL,4150,4151,13.155,13.6154,3.5,13.24,1.908,-0.646,False,lose
LINKUSDT,TREND,BUY,4329,4330,13.24,12.7766,3.5,12.49,1.307,-3.5,True,lose
LINKUSDT,TREND,SELL,4363,4364,12.49,12.9271,3.5,12.481,6.013,0.072,False,win
LINKUSDT,TREND,BUY,4515,4516,12.481,12.0442,3.5,14.21,19.55,13.853,False,win
LINKUSDT,TREND,SELL,4997,4998,13.23,13.693,3.5,14.726,0.469,-3.5,True,lose
LINKUSDT,TREND,SELL,5326,5327,13.79,14.9063,8.095,14.038,2.959,-1.798,False,win
LINKUSDT,TREND,BUY,5415,5416,14.038,13.3619,4.816,13.51,2.144,-4.816,True,lose
LINKUSDT,TREND,SELL,5486,5487,13.51,14.3605,6.295,12.439,13.19,7.927,False,win
LINKUSDT,TREND,BUY,6137,6138,12.439,12.0036,3.5,12.244,2.516,-1.568,False,win
LINKUSDT,TREND,BUY,6420,6421,12.664,12.2208,3.5,12.327,2.298,-3.5,True,lose
LINKUSDT,TREND,SELL,6505,6506,12.327,12.713,3.132,12.454,2.847,-1.03,False,win
LINKUSDT,TREND,SELL,7976,7977,13.389,13.9619,4.279,13.279,2.771,0.822,False,win
LINKUSDT,TREND,SELL,8483,8484,13.049,13.348,2.291,13.397,0.146,-2.291,True,lose
LINKUSDT,TREND,BUY,8549,8550,13.397,12.9281,3.5,13.847,7.517,3.359,False,win
LINKUSDT,TREND,SELL,9066,9067,12.805,13.8948,8.511,12.485,7.193,2.499,False,win
LINKUSDT,TREND,BUY,9820,9821,11.902,11.4854,3.5,11.81,2.378,-0.773,False,win
LINKUSDT,TREND,SELL,10005,10006,11.81,12.2233,3.5,9.919,24.157,16.012,False,win
LINKUSDT,TREND,SELL,10577,10578,9.307,9.6327,3.5,8.801,2.407,-3.5,True,lose
LINKUSDT,TREND,BUY,10861,10862,8.801,8.493,3.5,8.598,2.795,-2.307,False,win
LINKUSDT,TREND,BUY,11528,11529,8.723,8.4177,3.5,8.819,5.915,1.101,False,win
LINKUSDT,TREND,SELL,11727,11728,8.819,9.1277,3.5,8.89,5.454,-0.805,False,win
LINKUSDT,TREND,BUY,12626,12627,8.614,8.1488,5.401,8.878,11.319,3.065,False,win
LINKUSDT,TREND,SELL,12785,12786,8.878,9.1887,3.5,8.798,0.282,-3.5,True,lose
LINKUSDT,TREND,BUY,12992,12993,8.798,8.4901,3.5,8.574,4.637,-2.546,False,win
LINKUSDT,TREND,BUY,13327,13328,9.217,8.668,5.957,9.105,4.459,-1.215,False,win
LINKUSDT,TREND,SELL,13521,13522,9.105,9.4237,3.5,8.914,7.897,2.098,False,win
LINKUSDT,TREND,BUY,13825,13826,8.914,8.602,3.5,8.841,2.984,-0.819,False,win
LINKUSDT,TREND,SELL,14079,14080,8.841,9.1504,3.5,9.12,0.011,-3.156,False,lose
LINKUSDT,TREND,BUY,14154,14155,9.12,8.8008,3.5,9.062,5.197,-0.636,False,win
LINKUSDT,TREND,SELL,14252,14253,9.062,9.3792,3.5,9.177,1.655,-1.269,False,lose
LINKUSDT,TREND,SELL,14683,14684,9.489,9.8211,3.5,9.032,9.695,4.816,False,win
LINKUSDT,TREND,BUY,15165,15166,9.032,8.5581,5.246,9.098,5.104,0.731,False,win
LINKUSDT,TREND,SELL,15425,15426,9.098,9.4191,3.529,8.668,10.046,4.726,False,win
LINKUSDT,TREND,BUY,15803,15804,8.668,8.1717,5.725,8.592,6.057,-0.877,False,win
LINKUSDT,TREND,SELL,16084,16085,8.592,8.8927,3.5,8.763,2.048,-1.99,False,win
LINKUSDT,TREND,BUY,16457,16458,8.82,8.5462,3.105,8.826,3.776,0.068,False,win
LINKUSDT,TREND,SELL,16555,16556,8.826,9.1349,3.5,9.2,2.946,-3.5,True,lose
LINKUSDT,TREND,BUY,16645,16646,9.2,8.878,3.5,8.852,2.359,-3.5,True,lose
LINKUSDT,TREND,SELL,16743,16744,8.852,9.1618,3.5,9.012,1.909,-1.808,False,lose
LINKUSDT,TREND,BUY,16829,16830,9.012,8.6966,3.5,8.796,3.04,-2.397,False,win
LINKUSDT,TREND,BUY,17208,17209,8.964,8.665,3.336,9.0,5.254,0.402,False,win
LINKUSDT,TREND,SELL,17652,17653,9.398,9.7269,3.5,9.337,4.309,0.649,False,win
LINKUSDT,TREND,SELL,18504,18505,9.318,9.6024,3.052,9.357,1.91,-0.419,False,lose
LINKUSDT,TREND,BUY,19154,19155,9.267,9.0694,2.133,9.868,10.575,6.485,False,win
LINKUSDT,TREND,BUY,19600,19601,10.256,9.897,3.5,10.387,5.987,1.277,False,win
LINKUSDT,TREND,SELL,19946,19947,10.387,10.7505,3.5,10.461,2.879,-0.712,False,win
LINKUSDT,TREND,BUY,20169,20170,10.635,10.2628,3.5,10.291,1.26,-3.5,True,lose
LINKUSDT,TREND,SELL,20953,20954,9.462,10.046,6.173,9.753,4.523,-3.075,False,win
LINKUSDT,TREND,BUY,21053,21054,9.753,9.4116,3.5,9.353,0.277,-3.5,True,lose
LINKUSDT,TREND,BUY,21648,21649,9.161,8.8404,3.5,9.026,1.626,-1.474,False,lose
LINKUSDT,TREND,BUY,22423,22424,7.576,7.3108,3.5,7.747,7.22,2.257,False,win
LINKUSDT,TREND,SELL,22712,22713,7.747,7.9379,2.464,7.836,3.498,-1.149,False,win
LINKUSDT,TREND,BUY,23171,23172,8.08,7.7673,3.87,8.139,6.658,0.73,False,win
LINKUSDT,TREND,BUY,23899,23900,8.113,7.829,3.5,7.824,0.493,-3.5,True,lose
LINKUSDT,TREND,SELL,23967,23968,7.824,8.0978,3.5,7.532,9.049,3.732,False,win
LINKUSDT,TREND,BUY,24169,24170,7.532,7.3659,2.205,7.024,0.013,-2.205,True,lose
LINKUSDT,TREND,BUY,24335,24336,7.355,7.0976,3.5,7.296,1.604,-0.802,False,lose
LINKUSDT,TREND,BUY,25187,25188,8.124,7.8397,3.5,7.854,0.308,-3.5,True,lose
LINKUSDT,TREND,BUY,26014,26015,8.18,7.8937,3.5,8.337,5.526,1.919,False,win
LINKUSDT,TREND,SELL,26249,26250,8.337,8.4687,1.58,8.34,4.03,-0.036,False,win
LINKUSDT,TREND,BUY,27547,27548,8.464,8.2446,2.592,8.247,0.874,-2.592,True,lose
LINKUSDT,TREND,SELL,27633,27634,8.247,8.5356,3.5,8.236,4.426,0.133,False,win
LINKUSDT,TREND,BUY,27796,27797,8.236,7.9477,3.5,8.175,2.635,-0.741,False,win
LINKUSDT,TREND,BUY,28242,28243,8.305,8.0143,3.5,8.183,1.108,-1.469,False,lose
LINKUSDT,TREND,SELL,28557,28558,8.183,8.4006,2.659,8.424,0.22,-2.659,True,lose
LINKUSDT,TREND,BUY,28657,28658,8.424,8.1907,2.77,11.54,49.869,36.99,False,win
LINKUSDT,TREND,SELL,29813,29814,11.54,11.9439,3.5,11.728,4.35,-1.629,False,win
NEARUSDT,TREND,SELL,17,18,2.258,2.337,3.5,2.229,8.99,1.284,False,win
NEARUSDT,TREND,BUY,279,280,2.229,2.151,3.5,2.197,4.845,-1.436,False,win
NEARUSDT,TREND,SELL,442,443,2.197,2.3065,4.982,2.337,1.593,-4.982,True,lose
NEARUSDT,TREND,BUY,486,487,2.337,2.2552,3.5,2.204,1.113,-3.5,True,lose
NEARUSDT,TREND,SELL,546,547,2.204,2.2811,3.5,2.247,5.036,-1.951,False,win
NEARUSDT,TREND,BUY,734,735,2.247,2.1684,3.5,2.303,7.61,2.492,False,win
NEARUSDT,TREND,SELL,1173,1174,2.303,2.3856,3.585,2.311,4.559,-0.347,False,win
NEARUSDT,TREND,BUY,1250,1251,2.311,2.2301,3.5,2.206,1.558,-3.5,True,lose
NEARUSDT,TREND,SELL,1330,1331,2.206,2.2832,3.5,2.175,8.069,1.405,False,win
NEARUSDT,TREND,SELL,1688,1689,2.058,2.2053,7.158,1.938,16.472,5.831,False,win
NEARUSDT,TREND,SELL,2449,2450,2.746,2.8421,3.5,2.547,16.096,7.247,False,win
NEARUSDT,TREND,BUY,2844,2845,2.547,2.3115,9.245,2.39,2.945,-6.164,False,win
NEARUSDT,TREND,SELL,2922,2923,2.39,2.4737,3.5,2.368,1.213,-3.5,True,lose
NEARUSDT,TREND,BUY,3306,3307,2.368,2.1438,9.469,2.15,1.858,-9.469,True,lose
NEARUSDT,TREND,SELL,3373,3374,2.15,2.2252,3.5,1.938,16.465,9.86,False,win
NEARUSDT,TREND,BUY,3757,3758,1.938,1.8203,6.075,1.84,2.477,-5.057,False,win
NEARUSDT,TREND,SELL,4083,4084,1.867,1.9323,3.5,1.697,0.107,-3.5,True,lose
NEARUSDT,TREND,BUY,4500,4501,1.697,1.6376,3.5,1.785,11.844,5.186,False,win
NEARUSDT,TREND,BUY,5021,5022,1.767,1.6345,7.496,1.711,1.981,-3.169,False,lose
NEARUSDT,TREND,SELL,5168,5169,1.711,1.7709,3.5,1.834,0.058,-3.5,True,lose
NEARUSDT,TREND,BUY,5193,5194,1.834,1.7698,3.5,1.756,2.781,-3.5,True,lose
NEARUSDT,TREND,SELL,5263,5264,1.756,1.8175,3.5,1.676,1.31,-3.5,True,lose
NEARUSDT,TREND,BUY,5557,5558,1.676,1.6173,3.5,1.63,0.477,-2.745,False,lose
NEARUSDT,TREND,SELL,5639,5640,1.63,1.6725,2.608,1.59,8.773,2.454,False,win
NEARUSDT,TREND,SELL,5972,5973,1.485,1.537,3.5,1.567,2.29,-3.5,True,lose
NEARUSDT,TREND,BUY,6057,6058,1.567,1.5122,3.5,1.425,2.106,-3.5,True,lose
NEARUSDT,TREND,SELL,6080,6081,1.425,1.6024,12.449,1.542,1.474,-8.211,False,lose
NEARUSDT,TREND,BUY,6156,6157,1.542,1.488,3.5,1.468,1.167,-3.5,True,lose
NEARUSDT,TREND,SELL,6336,6337,1.468,1.5383,4.789,1.532,1.022,-4.789,True,lose
NEARUSDT,TREND,BUY,6404,6405,1.532,1.4784,3.5,1.503,3.525,-1.893,False,win
NEARUSDT,TREND,SELL,6483,6484,1.503,1.5263,1.549,1.509,2.794,-1.549,True,lose
NEARUSDT,TREND,SELL,6762,6763,1.436,1.4863,3.5,1.524,0.418,-3.5,True,lose
NEARUSDT,TREND,BUY,6776,6777,1.524,1.4279,6.309,1.559,5.971,2.297,False,win
NEARUSDT,TREND,SELL,7041,7042,1.559,1.6136,3.5,1.555,5.901,0.257,False,win
NEARUSDT,TREND,BUY,7394,7395,1.555,1.5006,3.5,1.753,18.328,12.733,False,win
NEARUSDT,TREND,SELL,7968,7969,1.753,1.8057,3.007,1.763,5.533,-0.57,False,win
NEARUSDT,TREND,BUY,8406,8407,1.763,1.6665,5.474,1.662,0.34,-5.474,True,lose
NEARUSDT,TREND,SELL,8446,8447,1.662,1.7202,3.5,1.745,1.143,-3.5,True,lose
NEARUSDT,TREND,BUY,8526,8527,1.745,1.6839,3.5,1.748,8.539,0.172,False,win
NEARUSDT,TREND,SELL,8696,8697,1.748,1.8092,3.5,1.767,0.229,-3.5,True,lose
NEARUSDT,TREND,BUY,8904,8905,1.767,1.7174,2.806,1.721,2.377,-2.806,True,lose
NEARUSDT,TREND,SELL,8985,8986,1.721,1.7812,3.5,1.491,18.187,13.364,False,win
NEARUSDT,TREND,SELL,10053,10054,1.453,1.5039,3.5,1.232,24.983,15.21,False,win
NEARUSDT,TREND,BUY,10476,10477,1.232,1.1889,3.5,1.151,0.325,-3.5,True,lose
NEARUSDT,TREND,SELL,10576,10577,1.151,1.2128,5.371,1.077,2.52,-5.371,True,lose
NEARUSDT,TREND,BUY,10858,10859,1.077,1.0393,3.5,1.048,3.343,-3.5,True,lose
NEARUSDT,TREND,SELL,11063,11064,1.048,1.0847,3.5,1.032,6.011,1.527,False,win
NEARUSDT,TREND,BUY,11175,11176,1.032,0.9959,3.5,0.997,0.484,-3.5,True,lose
NEARUSDT,TREND,SELL,11736,11737,1.038,1.0743,3.5,1.038,5.588,0.0,False,win
NEARUSDT,TREND,BUY,12211,12212,1.038,1.0017,3.5,1.034,6.744,-0.385,False,win
NEARUSDT,TREND,SELL,12339,12340,1.034,1.0646,2.959,1.012,8.027,2.128,False,win
NEARUSDT,TREND,BUY,12654,12655,1.012,0.9766,3.5,1.1,24.704,8.696,False,win
NEARUSDT,TREND,SELL,12780,12781,1.1,1.1385,3.5,1.15,1.545,-3.5,True,lose
NEARUSDT,TREND,BUY,12991,12992,1.15,1.1097,3.5,1.293,26.348,12.435,False,win
NEARUSDT,TREND,SELL,13386,13387,1.293,1.3383,3.5,1.23,7.734,4.872,False,win
NEARUSDT,TREND,BUY,14355,14356,1.344,1.299,3.345,1.407,12.277,4.687,False,win
NEARUSDT,TREND,SELL,14689,14690,1.407,1.4562,3.5,1.302,11.158,7.463,False,win
NEARUSDT,TREND,SELL,15333,15334,1.276,1.308,2.505,1.196,0.392,-2.505,True,lose
NEARUSDT,TREND,BUY,15803,15804,1.196,1.1273,5.744,1.163,2.341,-2.759,False,win
NEARUSDT,TREND,SELL,15859,15860,1.163,1.2037,3.5,1.195,1.29,-2.752,False,lose
NEARUSDT,TREND,BUY,16195,16196,1.189,1.1474,3.5,1.231,8.242,3.532,False,win
NEARUSDT,TREND,SELL,16443,16444,1.231,1.2649,2.753,1.266,0.731,-2.753,True,lose
NEARUSDT,TREND,BUY,16468,16469,1.266,1.2202,3.62,1.239,2.844,-2.133,False,win
NEARUSDT,TREND,BUY,16641,16642,1.307,1.2182,6.796,1.338,8.952,2.372,False,win
NEARUSDT,TREND,BUY,17156,17157,1.388,1.3394,3.5,1.366,3.602,-1.585,False,win
NEARUSDT,TREND,BUY,17377,17378,1.384,1.339,3.252,1.38,4.191,-0.289,False,win
NEARUSDT,TREND,SELL,18109,18110,1.383,1.4314,3.5,1.414,1.012,-2.242,False,lose
NEARUSDT,TREND,BUY,18690,18691,1.367,1.3192,3.5,1.32,0.366,-3.5,True,lose
NEARUSDT,TREND,SELL,18730,18731,1.32,1.3662,3.5,1.312,5.758,0.606,False,win
NEARUSDT,TREND,BUY,19326,19327,1.312,1.2601,3.955,1.526,24.314,16.311,False,win
NEARUSDT,TREND,BUY,20424,20425,1.533,1.4738,3.863,1.483,1.696,-3.863,True,lose
NEARUSDT,TREND,SELL,20521,20522,1.483,1.5349,3.5,1.584,0.405,-3.5,True,lose
NEARUSDT,TREND,BUY,20570,20571,1.584,1.5286,3.5,1.583,6.503,-0.063,False,win
NEARUSDT,TREND,SELL,20693,20694,1.583,1.6384,3.5,1.655,0.253,-3.5,True,lose
NEARUSDT,TREND,BUY,20710,20711,1.655,1.5766,4.735,2.526,79.94,52.628,False,win
NEARUSDT,TREND,SELL,21361,21362,2.526,2.6144,3.5,2.532,3.009,-3.5,True,lose
NEARUSDT,TREND,BUY,21574,21575,2.532,2.4434,3.5,2.306,1.698,-3.5,True,lose
NEARUSDT,TREND,SELL,21659,21660,2.306,2.3867,3.5,2.394,2.645,-3.5,True,lose
NEARUSDT,TREND,BUY,21883,21884,2.394,2.2796,4.78,2.429,28.864,1.462,False,win
NEARUSDT,TREND,SELL,22150,22151,2.429,2.514,3.5,2.072,26.142,14.697,False,win
NEARUSDT,TREND,BUY,22478,22479,2.072,1.9995,3.5,2.043,0.145,-3.5,True,lose
NEARUSDT,TREND,SELL,22767,22768,2.043,2.1763,6.523,2.101,5.678,-6.523,True,lose
NEARUSDT,TREND,BUY,23051,23052,2.101,2.0275,3.5,2.34,21.942,11.376,False,win
NEARUSDT,TREND,SELL,23339,23340,2.34,2.5658,9.651,2.189,10.983,6.453,False,win
NEARUSDT,TREND,SELL,23845,23846,2.115,2.189,3.5,1.897,1.324,-3.5,True,lose
NEARUSDT,TREND,BUY,24390,24391,1.897,1.7883,5.729,1.763,3.005,-5.729,True,lose
NEARUSDT,TREND,SELL,24670,24671,1.763,1.8778,6.512,1.873,2.382,-6.239,False,win
NEARUSDT,TREND,BUY,24802,24803,1.873,1.8074,3.5,1.959,0.107,-3.5,True,lose
NEARUSDT,TREND,SELL,25044,25045,1.959,2.0276,3.5,2.034,0.051,-3.5,True,lose
NEARUSDT,TREND,SELL,25393,25394,1.919,1.9862,3.5,1.925,4.065,-0.313,False,win
NEARUSDT,TREND,SELL,25646,25647,1.897,1.9634,3.5,1.914,2.319,-0.896,False,win
NEARUSDT,TREND,SELL,26247,26248,1.962,2.0307,3.5,1.981,4.638,-0.968,False,win
NEARUSDT,TREND,BUY,26592,26593,1.981,1.8942,4.384,1.938,4.139,-2.171,False,win
NEARUSDT,TREND,BUY,27209,27210,1.837,1.7727,3.5,1.772,1.198,-3.5,True,lose
NEARUSDT,TREND,SELL,27274,27275,1.772,1.834,3.5,1.654,11.456,6.659,False,win
NEARUSDT,TREND,BUY,27551,27552,1.654,1.5961,3.5,1.699,6.892,2.721,False,win
NEARUSDT,TREND,BUY,28746,28747,1.623,1.5662,3.5,1.617,3.697,-0.37,False,win
NEARUSDT,TREND,SELL,28948,28949,1.617,1.6736,3.5,1.65,2.226,-2.041,False,win
NEARUSDT,TREND,BUY,29249,29250,1.634,1.5768,3.5,1.592,1.958,-2.57,False,lose
NEARUSDT,TREND,BUY,29477,29478,1.638,1.5807,3.5,1.916,31.136,16.972,False,win
NEARUSDT,TREND,SELL,29755,29756,1.916,2.1512,12.277,1.946,5.898,-1.566,False,win
NEARUSDT,TREND,BUY,29850,29851,1.946,1.8003,7.487,1.95,6.629,0.206,False,win
SOLUSDT,TREND,SELL,20,21,189.14,195.7599,3.5,185.0,8.005,2.189,False,win
SOLUSDT,TREND,BUY,200,201,185.0,178.525,3.5,187.88,5.103,1.557,False,win
SOLUSDT,TREND,SELL,406,407,187.88,194.4558,3.5,196.66,2.784,-3.5,True,lose
SOLUSDT,TREND,BUY,488,489,196.66,189.7769,3.5,184.2,0.524,-3.5,True,lose
SOLUSDT,TREND,SELL,544,545,184.2,190.647,3.5,187.41,3.99,-1.743,False,win
SOLUSDT,TREND,BUY,649,650,187.41,180.8507,3.5,193.11,9.546,3.041,False,win
SOLUSDT,TREND,BUY,1247,1248,201.13,194.0904,3.5,191.91,0.094,-3.5,True,lose
SOLUSDT,TREND,SELL,1331,1332,191.91,198.3972,3.38,163.05,24.095,15.038,False,win
SOLUSDT,TREND,SELL,2035,2036,155.96,161.4186,3.5,162.03,4.02,-3.5,True,lose
SOLUSDT,TREND,BUY,2133,2134,162.03,149.4655,7.754,156.61,1.722,-3.345,False,lose
SOLUSDT,TREND,SELL,2217,2218,156.61,162.0914,3.5,163.5,1.022,-3.5,True,lose
SOLUSDT,TREND,BUY,2312,2313,163.5,157.7775,3.5,160.19,5.119,-2.024,False,win
SOLUSDT,TREND,SELL,2507,2508,160.19,165.7966,3.5,137.97,19.658,13.871,False,win
SOLUSDT,TREND,BUY,3160,3161,137.97,133.1411,3.5,132.31,3.465,-3.5,True,lose
SOLUSDT,TREND,SELL,3278,3279,132.31,136.9408,3.5,142.94,1.413,-3.5,True,lose
SOLUSDT,TREND,BUY,3611,3612,130.77,125.821,3.785,139.3,10.652,6.523,False,win
SOLUSDT,TREND,SELL,4088,4089,139.3,144.1755,3.5,138.78,3.367,0.373,False,win
SOLUSDT,TREND,SELL,4363,4364,129.87,134.4154,3.5,130.54,5.251,-0.516,False,win
SOLUSDT,TREND,BUY,4513,4514,130.54,125.7012,3.707,139.3,12.51,6.711,False,win
SOLUSDT,TREND,SELL,4731,4732,139.3,144.4363,3.687,135.77,8.435,2.534,False,win
SOLUSDT,TREND,BUY,5016,5017,135.77,127.3587,6.195,133.18,2.6,-1.908,False,win
SOLUSDT,TREND,BUY,5195,5196,141.41,131.3227,7.133,134.18,2.468,-5.113,False,win
SOLUSDT,TREND,SELL,5324,5325,134.18,142.7839,6.412,137.02,3.928,-2.117,False,win
SOLUSDT,TREND,BUY,5406,5407,137.02,132.2243,3.5,131.86,2.241,-3.5,True,lose
SOLUSDT,TREND,BUY,6121,6122,124.37,120.017,3.5,123.57,2.806,-0.643,False,win
SOLUSDT,TREND,SELL,6337,6338,123.57,126.7498,2.573,126.96,0.121,-2.573,True,lose
SOLUSDT,TREND,SELL,6762,6763,120.05,124.2517,3.5,123.93,0.75,-3.5,True,lose
SOLUSDT,TREND,SELL,7976,7977,135.65,140.3978,3.5,139.92,2.322,-3.148,False,win
SOLUSDT,TREND,SELL,8757,8758,141.47,146.4214,3.5,144.87,0.919,-2.403,False,lose
SOLUSDT,TREND,BUY,9342,9343,131.0,124.9822,4.594,127.81,0.832,-2.435,False,lose
SOLUSDT,TREND,BUY,9814,9815,124.6,120.239,3.5,122.78,2.97,-1.461,False,win
SOLUSDT,TREND,BUY,10862,10863,86.63,83.5979,3.5,84.49,3.59,-2.47,False,win
SOLUSDT,TREND,BUY,11161,11162,87.89,84.8139,3.5,84.17,0.444,-3.5,True,lose
SOLUSDT,TREND,SELL,11221,11222,84.17,87.1159,3.5,83.61,9.065,0.665,False,win
SOLUSDT,TREND,BUY,12171,12172,83.57,80.645,3.5,83.65,3.721,0.096,False,win
SOLUSDT,TREND,SELL,12388,12389,83.65,85.6283,2.365,81.94,9.659,2.044,False,win
SOLUSDT,TREND,BUY,12623,12624,81.94,79.0721,3.5,84.72,12.387,3.393,False,win
SOLUSDT,TREND,SELL,12787,12788,84.72,87.6852,3.5,84.07,0.024,-3.5,True,lose
SOLUSDT,TREND,BUY,12990,12991,84.07,81.1275,3.5,82.27,5.721,-2.141,False,win
SOLUSDT,TREND,SELL,13083,13084,82.27,85.1494,3.5,89.61,0.766,-3.5,True,lose
SOLUSDT,TREND,BUY,13162,13163,89.61,86.4736,3.5,84.15,0.792,-3.5,True,lose
SOLUSDT,TREND,SELL,13241,13242,84.15,87.0952,3.5,89.58,2.08,-3.5,True,lose
SOLUSDT,TREND,BUY,13326,13327,89.58,84.6229,5.534,89.06,5.102,-0.58,False,win
SOLUSDT,TREND,SELL,13473,13474,89.06,89.9447,0.993,85.58,9.971,3.907,False,win
SOLUSDT,TREND,SELL,14079,14080,84.85,87.8197,3.5,86.91,0.024,-2.428,False,lose
SOLUSDT,TREND,SELL,14252,14253,87.84,90.9144,3.5,88.43,1.628,-0.672,False,lose
SOLUSDT,TREND,SELL,14684,14685,90.52,93.6882,3.5,90.1,4.121,0.464,False,win
SOLUSDT,TREND,SELL,15018,15019,86.74,90.4955,4.33,90.18,2.006,-4.33,True,lose
SOLUSDT,TREND,SELL,15282,15283,89.14,92.2599,3.5,92.59,0.886,-3.5,True,lose
SOLUSDT,TREND,BUY,15327,15328,92.59,89.3494,3.5,89.15,0.94,-3.5,True,lose
SOLUSDT,TREND,SELL,15426,15427,89.15,92.0579,3.262,83.57,11.643,6.259,False,win
SOLUSDT,TREND,SELL,15923,15924,80.68,83.5038,3.5,84.28,0.62,-3.5,True,lose
SOLUSDT,TREND,BUY,16002,16003,84.28,81.3302,3.5,81.29,2.741,-3.5,True,lose
SOLUSDT,TREND,SELL,16072,16073,81.29,86.7199,6.68,80.08,5.733,1.488,False,win
SOLUSDT,TREND,BUY,16459,16460,82.45,78.9214,4.28,79.96,0.885,-3.02,False,lose
SOLUSDT,TREND,BUY,16635,16636,82.0,78.1826,4.655,82.17,6.329,0.207,False,win
SOLUSDT,TREND,SELL,16753,16754,82.17,85.0459,3.5,83.55,0.986,-1.679,False,lose
SOLUSDT,TREND,BUY,16823,16824,83.55,81.238,2.767,82.59,3.208,-1.149,False,win
SOLUSDT,TREND,BUY,17209,17210,84.07,81.1275,3.5,83.72,4.246,-0.416,False,win
SOLUSDT,TREND,SELL,17311,17312,83.72,87.7715,4.839,84.74,1.338,-1.218,False,lose
SOLUSDT,TREND,SELL,18101,18102,85.89,88.8961,3.5,86.6,1.711,-0.827,False,lose
SOLUSDT,TREND,SELL,20252,20253,90.59,93.7606,3.5,86.75,8.036,4.239,False,win
SOLUSDT,TREND,SELL,20953,20954,84.51,87.9517,4.073,84.18,3.727,0.39,False,win
SOLUSDT,TREND,BUY,21039,21040,84.18,81.2337,3.5,84.88,3.956,0.832,False,win
SOLUSDT,TREND,SELL,21156,21157,84.88,87.8508,3.5,82.69,5.855,2.58,False,win
SOLUSDT,TREND,BUY,22437,22438,64.79,62.5224,3.5,64.07,5.201,-1.111,False,win
SOLUSDT,TREND,BUY,22827,22828,65.47,63.1785,3.5,67.48,6.232,3.07,False,win
SOLUSDT,TREND,SELL,23399,23400,73.14,74.5517,1.93,72.17,2.188,-1.93,True,lose
SOLUSDT,TREND,SELL,23945,23946,71.9,74.4165,3.5,69.28,10.07,3.644,False,win
SOLUSDT,TREND,BUY,24264,24265,70.6,65.7612,6.854,70.88,4.688,0.397,False,win
SOLUSDT,TREND,BUY,24557,24558,72.68,70.1362,3.5,72.84,5.242,0.22,False,win
SOLUSDT,TREND,SELL,25393,25394,79.04,81.8064,3.5,78.8,3.543,0.304,False,win
SOLUSDT,TREND,BUY,25591,25592,78.8,77.6134,1.506,77.86,1.066,-1.506,True,lose
SOLUSDT,TREND,BUY,26019,26020,76.85,74.1602,3.5,75.98,2.811,-1.132,False,win
SOLUSDT,TREND,SELL,27302,27303,74.02,76.6107,3.5,74.69,2.378,-0.905,False,win
XRPUSDT,TREND,SELL,17,18,2.3659,2.4487,3.5,2.3593,7.515,0.279,False,win
XRPUSDT,TREND,BUY,175,176,2.3593,2.2767,3.5,2.4165,8.142,2.424,False,win
XRPUSDT,TREND,SELL,454,455,2.4165,2.5011,3.5,2.5114,0.67,-3.5,True,lose
XRPUSDT,TREND,BUY,492,493,2.5114,2.4235,3.5,2.3904,0.374,-3.5,True,lose
XRPUSDT,TREND,SELL,1283,1284,2.5951,2.6859,3.5,2.5423,8.462,2.035,False,win
XRPUSDT,TREND,SELL,1686,1687,2.4425,2.5351,3.791,2.3426,15.435,4.09,False,win
XRPUSDT,TREND,SELL,2028,2029,2.2167,2.2943,3.5,2.3086,2.878,-3.5,True,lose
XRPUSDT,TREND,BUY,2129,2130,2.3086,2.1497,6.884,2.2529,2.777,-2.413,False,win
XRPUSDT,TREND,BUY,2329,2330,2.3476,2.2654,3.5,2.4511,9.895,4.409,False,win
XRPUSDT,TREND,SELL,2492,2493,2.4511,2.5369,3.5,2.4766,5.569,-1.04,False,win
XRPUSDT,TREND,BUY,2652,2653,2.4766,2.3899,3.5,2.3401,2.007,-3.5,True,lose
XRPUSDT,TREND,SELL,2709,2710,2.3401,2.422,3.5,2.2723,7.944,2.897,False,win
XRPUSDT,TREND,SELL,3090,3091,2.1523,2.3102,7.334,1.9982,15.435,7.16,False,win
XRPUSDT,TREND,BUY,3601,3602,1.9982,1.9156,4.133,2.1485,14.353,7.522,False,win
XRPUSDT,TREND,BUY,4518,4519,2.1303,1.9907,6.553,2.1395,4.145,0.432,False,win
XRPUSDT,TREND,SELL,4702,4703,2.1395,2.2144,3.5,2.1024,7.095,1.734,False,win
XRPUSDT,TREND,BUY,5196,5197,2.1656,2.0898,3.5,2.0613,0.545,-3.5,True,lose
XRPUSDT,TREND,BUY,5855,5856,1.936,1.8682,3.5,1.8508,2.603,-3.5,True,lose
XRPUSDT,TREND,SELL,5974,5975,1.8508,1.9894,7.488,1.9275,1.378,-4.144,False,lose
XRPUSDT,TREND,BUY,6056,6057,1.9275,1.86,3.5,1.8145,0.005,-3.5,True,lose
XRPUSDT,TREND,SELL,6078,6079,1.8145,1.9362,6.707,1.873,2.436,-3.224,False,win
XRPUSDT,TREND,BUY,6139,6140,1.873,1.8074,3.5,1.9003,4.522,1.458,False,win
XRPUSDT,TREND,SELL,7889,7890,2.2079,2.4026,8.818,2.0872,7.899,5.467,False,win
XRPUSDT,TREND,BUY,9139,9140,2.0118,1.9414,3.5,1.9556,0.383,-2.794,False,lose
XRPUSDT,TREND,SELL,9182,9183,1.9556,2.024,3.5,1.9744,4.495,-0.961,False,win
XRPUSDT,TREND,BUY,9342,9343,1.9744,1.8672,5.43,1.9136,0.734,-3.079,False,lose
XRPUSDT,TREND,BUY,9791,9792,1.9118,1.8449,3.5,1.8667,1.758,-2.359,False,lose
XRPUSDT,TREND,SELL,10042,10043,1.8667,1.932,3.5,1.4328,40.14,23.244,False,win
XRPUSDT,TREND,BUY,10848,10849,1.4328,1.3827,3.5,1.3761,7.594,-3.5,True,lose
XRPUSDT,TREND,SELL,11124,11125,1.3761,1.4569,5.87,1.4449,0.145,-5.87,True,lose
XRPUSDT,TREND,BUY,11182,11183,1.4449,1.3943,3.5,1.3963,0.554,-3.5,True,lose
XRPUSDT,TREND,SELL,11732,11733,1.48,1.5318,3.5,1.4407,6.986,2.655,False,win
XRPUSDT,TREND,BUY,12476,12477,1.4174,1.3678,3.5,1.33,0.332,-3.5,True,lose
XRPUSDT,TREND,SELL,12535,12536,1.33,1.3765,3.5,1.3693,1.391,-3.5,True,lose
XRPUSDT,TREND,SELL,12785,12786,1.3869,1.4354,3.5,1.3725,8.479,1.038,False,win
XRPUSDT,TREND,BUY,12990,12991,1.3725,1.3245,3.5,1.3426,4.386,-2.179,False,win
XRPUSDT,TREND,SELL,13083,13084,1.3426,1.3896,3.5,1.4161,0.722,-3.5,True,lose
XRPUSDT,TREND,BUY,13328,13329,1.4175,1.3423,5.306,1.4014,3.852,-1.136,False,win
XRPUSDT,TREND,SELL,13499,13500,1.4014,1.4504,3.5,1.3869,5.759,1.035,False,win
XRPUSDT,TREND,BUY,13877,13878,1.3869,1.3384,3.5,1.3726,3.987,-1.031,False,win
XRPUSDT,TREND,BUY,14158,14159,1.4133,1.3638,3.5,1.3873,2.795,-1.84,False,win
XRPUSDT,TREND,SELL,14683,14684,1.4793,1.5311,3.5,1.434,8.011,3.062,False,win
XRPUSDT,TREND,SELL,15275,15276,1.3974,1.4463,3.5,1.4177,1.059,-1.453,False,lose
XRPUSDT,TREND,BUY,16458,16459,1.333,1.2863,3.5,1.322,1.8,-0.825,False,lose
XRPUSDT,TREND,BUY,16644,16645,1.3543,1.2921,4.596,1.332,3.072,-1.647,False,win
XRPUSDT,TREND,BUY,16829,16830,1.3561,1.3189,2.742,1.3336,1.386,-1.659,False,lose
XRPUSDT,TREND,BUY,17214,17215,1.3491,1.3019,3.5,1.439,11.867,6.664,False,win
XRPUSDT,TREND,SELL,18726,18727,1.3644,1.4078,3.182,1.3911,1.481,-1.957,False,lose
XRPUSDT,TREND,BUY,20165,20166,1.4706,1.4191,3.5,1.4315,5.318,-2.659,False,win
XRPUSDT,TREND,SELL,20837,20838,1.3562,1.4037,3.5,1.3462,4.505,0.737,False,win
XRPUSDT,TREND,BUY,22425,22426,1.1176,1.0785,3.5,1.1268,6.129,0.823,False,win
XRPUSDT,TREND,SELL,22667,22668,1.1268,1.1662,3.5,1.1415,3.506,-1.305,False,win
XRPUSDT,TREND,BUY,22871,22872,1.1415,1.1017,3.483,1.128,1.673,-1.183,False,lose
XRPUSDT,TREND,SELL,23334,23335,1.2149,1.257,3.464,1.1454,7.943,5.721,False,win
XRPUSDT,TREND,SELL,23845,23846,1.1312,1.1708,3.5,1.1631,0.734,-2.82,False,lose
XRPUSDT,TREND,BUY,23905,23906,1.1631,1.1224,3.5,1.122,0.009,-3.5,True,lose
XRPUSDT,TREND,BUY,24342,24343,1.0579,1.0357,2.094,1.0462,1.777,-1.106,False,lose
XRPUSDT,TREND,SELL,25114,25115,1.1382,1.178,3.5,1.1576,1.239,-1.704,False,lose
XRPUSDT,TREND,SELL,26228,26229,1.0893,1.1194,2.761,1.0956,1.854,-0.578,False,lose
XRPUSDT,TREND,SELL,27278,27279,1.0934,1.1317,3.5,1.0795,4.472,1.271,False,win
XRPUSDT,TREND,BUY,27412,27413,1.0795,1.0417,3.5,1.0711,1.427,-0.778,False,lose
XRPUSDT,TREND,SELL,28563,28564,1.0295,1.0492,1.911,1.0241,3.973,0.525,False,win
ADAUSDT,FADE,BUY,444,460,0.6377,0.6218,2.5,0.6827,7.449,7.057,False,win
ADAUSDT,FADE,SELL,3648,3650,0.4182,0.4287,2.5,0.4114,3.951,-2.5,True,lose
ADAUSDT,FADE,BUY,3840,3845,0.4061,0.396,2.5,0.4348,7.284,7.063,False,win
ADAUSDT,FADE,SELL,3957,3968,0.4361,0.447,2.5,0.4242,3.371,2.729,False,win
ADAUSDT,FADE,SELL,6430,6438,0.3791,0.3886,2.5,0.3638,4.523,4.049,False,win
ADAUSDT,FADE,SELL,7059,7064,0.3791,0.3886,2.5,0.3639,4.602,4.022,False,win
ADAUSDT,FADE,SELL,8405,8406,0.4026,0.4127,2.5,0.3822,5.275,5.076,False,win
ADAUSDT,FADE,SELL,11411,11412,0.2664,0.273,2.5,0.2844,3.407,-2.5,True,lose
ADAUSDT,FADE,BUY,13473,13487,0.2673,0.2606,2.5,0.2592,1.696,-2.5,True,lose
ADAUSDT,FADE,SELL,16458,16460,0.2556,0.262,2.5,0.245,4.337,4.142,False,win
ADAUSDT,FADE,BUY,16551,16562,0.2434,0.2373,2.5,0.2549,4.936,4.731,False,win
ADAUSDT,FADE,SELL,17399,17400,0.2502,0.2564,2.5,0.2527,2.668,-2.5,True,lose
ADAUSDT,FADE,BUY,17652,17656,0.2495,0.2433,2.5,0.2493,1.022,-2.5,True,lose
ADAUSDT,FADE,SELL,17918,17932,0.2509,0.2572,2.5,0.247,2.822,-2.5,True,lose
ADAUSDT,FADE,BUY,18729,18731,0.2432,0.2371,2.5,0.2494,2.934,2.564,False,win
ADAUSDT,FADE,BUY,20256,20257,0.2575,0.2511,2.5,0.2514,1.942,-2.5,True,lose
ADAUSDT,FADE,SELL,21653,21654,0.2393,0.2453,2.5,0.2327,3.015,2.764,False,win
ADAUSDT,FADE,BUY,23135,23140,0.1659,0.1618,2.5,0.1754,6.088,5.726,False,win
ADAUSDT,FADE,SELL,24162,24163,0.1503,0.1541,2.5,0.1427,8.117,5.057,False,win
ADAUSDT,FADE,BUY,24196,24199,0.1411,0.1376,2.5,0.1486,6.222,5.3,False,win
ADAUSDT,FADE,BUY,29824,29825,0.2157,0.2103,2.5,0.2242,6.924,3.957,False,win
AVAXUSDT,FADE,SELL,1523,1524,18.6505,19.1168,2.5,18.263,2.517,2.078,False,win
AVAXUSDT,FADE,SELL,2089,2090,16.964,17.3881,2.5,16.905,5.229,-2.5,True,lose
AVAXUSDT,FADE,BUY,5483,5484,12.848,12.5268,2.5,13.399,4.756,4.289,False,win
AVAXUSDT,FADE,SELL,6428,6429,12.37,12.6792,2.5,11.932,4.608,3.541,False,win
AVAXUSDT,FADE,BUY,6827,6830,12.179,11.8745,2.5,12.482,2.586,2.488,False,win
AVAXUSDT,FADE,BUY,7974,7980,13.9147,13.5668,2.5,13.886,2.324,-0.206,False,win
AVAXUSDT,FADE,BUY,8439,8451,13.4753,13.1384,2.5,14.067,4.577,4.391,False,win
AVAXUSDT,FADE,BUY,9015,9029,13.4925,13.1552,2.5,12.54,1.938,-2.5,True,lose
AVAXUSDT,FADE,SELL,11408,11413,8.9185,9.1415,2.5,9.25,3.459,-2.5,True,lose
AVAXUSDT,FADE,SELL,13161,13162,9.4292,9.665,2.5,9.009,5.22,4.457,False,win
AVAXUSDT,FADE,BUY,15926,15927,8.7355,8.5171,2.5,9.081,4.333,3.955,False,win
AVAXUSDT,FADE,BUY,16084,16088,8.7355,8.5171,2.5,8.894,2.421,1.814,False,win
AVAXUSDT,FADE,BUY,16975,16990,9.23,8.9992,2.5,9.488,3.131,2.795,False,win
AVAXUSDT,FADE,BUY,17043,17063,8.993,8.7682,2.5,9.331,4.381,3.758,False,win
AVAXUSDT,FADE,SELL,17880,17883,9.3697,9.6039,2.5,9.309,2.206,-2.5,True,lose
AVAXUSDT,FADE,SELL,18417,18423,9.5008,9.7383,2.5,9.242,3.135,2.724,False,win
AVAXUSDT,FADE,BUY,19063,19074,8.993,8.7682,2.5,9.323,3.791,3.669,False,win
AVAXUSDT,FADE,SELL,20739,20752,9.3793,9.6137,2.5,9.211,2.551,1.794,False,win
AVAXUSDT,FADE,SELL,23901,23902,6.4058,6.5659,2.5,6.101,6.287,4.757,False,win
AVAXUSDT,FADE,BUY,24110,24111,6.0553,5.9039,2.5,6.393,7.147,5.578,False,win
AVAXUSDT,FADE,SELL,24303,24304,6.5107,6.6735,2.5,6.379,3.007,2.024,False,win
AVAXUSDT,FADE,BUY,25109,25112,6.781,6.6115,2.5,6.924,3.318,2.109,False,win
AVAXUSDT,FADE,SELL,25508,25509,6.7402,6.9087,2.5,6.556,2.895,2.732,False,win
AVAXUSDT,FADE,BUY,26195,26197,6.585,6.4204,2.5,6.624,1.048,-2.5,True,lose
AVAXUSDT,FADE,SELL,26581,26584,6.6134,6.7787,2.5,6.477,2.365,2.062,False,win
AVAXUSDT,FADE,SELL,26803,26805,6.6134,6.7787,2.5,6.48,2.954,2.017,False,win
AVAXUSDT,FADE,SELL,28376,28377,6.5151,6.678,2.5,6.48,1.338,0.539,False,lose
BNBUSDT,FADE,SELL,299,303,1131.99,1160.2897,2.5,1097.9,3.986,3.012,False,win
BNBUSDT,FADE,SELL,4948,4953,898.355,920.8139,2.5,874.0,3.094,2.711,False,win
BNBUSDT,FADE,SELL,5196,5197,927.4233,950.6089,2.5,891.13,4.3,3.913,False,win
BNBUSDT,FADE,BUY,6711,6719,835.29,814.4077,2.5,841.8,1.462,0.779,False,lose
BNBUSDT,FADE,SELL,8206,8216,905.2967,927.9291,2.5,901.37,0.659,0.434,False,lose
BNBUSDT,FADE,BUY,8380,8397,898.776,876.3066,2.5,910.98,1.881,1.358,False,lose
BNBUSDT,FADE,SELL,10864,10865,666.3725,683.0318,2.5,636.24,5.136,4.522,False,win
BNBUSDT,FADE,SELL,11537,11550,621.378,636.9125,2.5,613.92,0.904,-2.5,True,lose
BNBUSDT,FADE,BUY,14253,14254,653.0533,636.727,2.5,659.88,1.254,1.045,False,lose
BNBUSDT,FADE,SELL,15165,15166,646.058,662.2094,2.5,629.24,2.93,2.603,False,win
BNBUSDT,FADE,SELL,15316,15331,646.058,662.2094,2.5,634.44,1.964,1.798,False,lose
BNBUSDT,FADE,SELL,16638,16647,620.93,636.4532,2.5,606.41,3.136,2.338,False,win
BNBUSDT,FADE,SELL,18459,18478,639.34,655.3235,2.5,626.41,2.191,2.022,False,win
BNBUSDT,FADE,BUY,18729,18738,614.1458,598.7922,2.5,622.44,1.469,1.351,False,lose
BNBUSDT,FADE,SELL,21047,21053,660.385,676.8946,2.5,657.93,1.573,0.372,False,lose
BNBUSDT,FADE,BUY,22660,22661,584.964,570.3399,2.5,600.93,3.234,2.729,False,win
BNBUSDT,FADE,SELL,24606,24608,561.344,575.3776,2.5,550.35,2.019,1.959,False,win
BNBUSDT,FADE,BUY,24653,24667,545.7213,532.0782,2.5,551.94,1.924,1.14,False,lose
BNBUSDT,FADE,BUY,25246,25247,570.9175,556.6446,2.5,588.98,3.798,3.164,False,win
BNBUSDT,FADE,BUY,25865,25878,570.2429,555.9868,2.5,579.92,2.0,1.697,False,win
BNBUSDT,FADE,SELL,26015,26024,584.0034,598.6034,2.5,576.42,1.629,1.299,False,lose
BNBUSDT,FADE,SELL,26411,26416,572.802,587.122,2.5,566.6,1.709,1.083,False,lose
BNBUSDT,FADE,BUY,26754,26757,567.534,553.3456,2.5,567.63,1.462,0.017,False,lose
BNBUSDT,FADE,BUY,27305,27306,566.47,552.3083,2.5,573.38,1.7,1.22,False,lose
BNBUSDT,FADE,SELL,29886,29887,705.11,722.7378,2.5,709.88,1.685,-0.676,False,lose
BTCUSDT,FADE,BUY,6826,6829,86906.61,84733.9447,2.5,87771.1,1.209,0.995,False,lose
BTCUSDT,FADE,SELL,6989,6991,87863.73,90060.3232,2.5,87747.2,0.525,-2.5,True,lose
BTCUSDT,FADE,BUY,7093,7098,86906.61,84733.9447,2.5,88966.8,2.554,2.371,False,win
BTCUSDT,FADE,SELL,8520,8527,92487.87,94800.0667,2.5,95453.9,0.851,-2.5,True,lose
BTCUSDT,FADE,BUY,9610,9611,89140.25,86911.7437,2.5,88785.7,0.341,-2.5,True,lose
BTCUSDT,FADE,SELL,9845,9850,88921.5,91144.5375,2.5,88033.9,1.862,0.998,False,lose
BTCUSDT,FADE,BUY,11127,11138,68503.15,66790.5712,2.5,68864.1,3.769,-2.5,True,lose
BTCUSDT,FADE,BUY,12391,12399,67467.53,65780.8417,2.5,65860.4,0.386,-2.5,True,lose
BTCUSDT,FADE,SELL,15164,15169,71541.625,73330.1656,2.5,69205.2,3.43,3.266,False,win
BTCUSDT,FADE,SELL,15331,15349,71541.625,73330.1656,2.5,70053.8,2.543,2.08,False,win
BTCUSDT,FADE,BUY,16088,16092,66184.7,64530.0825,2.5,67209.9,1.836,1.549,False,lose
BTCUSDT,FADE,SELL,16320,16326,67434.836,69120.7069,2.5,66676.6,1.274,1.124,False,lose
BTCUSDT,FADE,BUY,16602,16610,67969.25,66270.0188,2.5,70726.3,4.883,4.056,False,win
BTCUSDT,FADE,BUY,18731,18738,74880.16,73008.156,2.5,77147.2,3.393,3.028,False,win
BTCUSDT,FADE,BUY,22661,22666,60991.266,59466.4843,2.5,62581.7,3.166,2.608,False,win
BTCUSDT,FADE,SELL,22817,22829,63038.05,64614.0012,2.5,63757.6,1.147,-2.5,True,lose
BTCUSDT,FADE,BUY,23366,23375,65458.2,63821.745,2.5,63382.2,1.468,-2.5,True,lose
BTCUSDT,FADE,BUY,25245,25247,61503.6,59966.01,2.5,63735.4,4.023,3.629,False,win
BTCUSDT,FADE,BUY,25795,25796,63637.227,62046.2963,2.5,63764.2,1.217,-2.5,True,lose
BTCUSDT,FADE,SELL,27105,27106,64373.5,65982.8375,2.5,63755.5,0.96,0.96,False,lose
BTCUSDT,FADE,BUY,27907,27908,62662.285,61095.7279,2.5,63678.5,2.071,1.622,False,win
BTCUSDT,FADE,SELL,27943,27951,64025.867,65626.5137,2.5,64225.8,1.149,-0.312,False,lose
BTCUSDT,FADE,BUY,28285,28286,64206.54,62601.3765,2.5,65055.0,1.528,1.321,False,lose
DOGEUSDT,FADE,SELL,209,210,0.1905,0.1952,2.5,0.1934,2.366,-2.5,True,lose
DOGEUSDT,FADE,BUY,1641,1643,0.1821,0.1776,2.5,0.1671,2.512,-2.5,True,lose
DOGEUSDT,FADE,BUY,3376,3382,0.1466,0.1429,2.5,0.1437,4.462,-2.5,True,lose
DOGEUSDT,FADE,SELL,9346,9347,0.1281,0.1313,2.5,0.1248,3.88,2.6,False,win
DOGEUSDT,FADE,SELL,11416,11424,0.094,0.0964,2.5,0.1057,3.612,-2.5,True,lose
DOGEUSDT,FADE,SELL,13830,13847,0.0921,0.0944,2.5,0.0916,2.126,-2.5,True,lose
DOGEUSDT,FADE,BUY,14267,14276,0.0946,0.0923,2.5,0.0958,2.908,1.249,False,win
DOGEUSDT,FADE,SELL,14363,14382,0.0965,0.0989,2.5,0.097,2.176,-2.5,True,lose
DOGEUSDT,FADE,SELL,15169,15174,0.0955,0.0979,2.5,0.0944,3.305,-2.5,True,lose
DOGEUSDT,FADE,BUY,16385,16386,0.0904,0.0881,2.5,0.0931,3.348,3.072,False,win
DOGEUSDT,FADE,SELL,16459,16460,0.0934,0.0957,2.5,0.0902,3.801,3.405,False,win
DOGEUSDT,FADE,SELL,16826,16835,0.0948,0.0972,2.5,0.091,4.565,4.027,False,win
DOGEUSDT,FADE,BUY,18738,18739,0.1014,0.0988,2.5,0.107,6.901,5.52,False,win
DOGEUSDT,FADE,SELL,19793,19813,0.1119,0.1147,2.5,0.1115,4.018,-2.5,True,lose
DOGEUSDT,FADE,SELL,20791,20811,0.1063,0.109,2.5,0.1039,3.455,2.242,False,win
DOGEUSDT,FADE,BUY,21263,21264,0.1004,0.0979,2.5,0.1004,3.419,-2.5,True,lose
DOGEUSDT,FADE,SELL,21647,21650,0.1011,0.1036,2.5,0.0993,2.125,1.769,False,win
DOGEUSDT,FADE,SELL,23173,23175,0.0888,0.0911,2.5,0.0873,2.371,1.752,False,win
DOGEUSDT,FADE,SELL,24777,24779,0.0735,0.0753,2.5,0.0758,2.557,-2.5,True,lose
DOGEUSDT,FADE,SELL,26662,26666,0.0735,0.0753,2.5,0.0724,1.923,1.447,False,lose
DOGEUSDT,FADE,BUY,28560,28563,0.0696,0.0678,2.5,0.0708,1.853,1.767,False,lose
DOGEUSDT,FADE,SELL,29247,29253,0.0704,0.0722,2.5,0.0891,1.256,-2.5,True,lose
ETHUSDT,FADE,SELL,489,491,4096.705,4199.1226,2.5,3867.95,6.867,5.584,False,win
ETHUSDT,FADE,BUY,2028,2029,3258.62,3177.1545,2.5,3426.63,5.52,5.156,False,win
ETHUSDT,FADE,SELL,4325,4331,3043.575,3119.6644,2.5,2891.77,5.448,4.988,False,win
ETHUSDT,FADE,SELL,8350,8364,3146.48,3225.142,2.5,3100.13,2.706,1.473,False,win
ETHUSDT,FADE,SELL,11158,11162,2144.78,2198.3995,2.5,2010.18,6.934,6.276,False,win
ETHUSDT,FADE,BUY,11206,11211,1995.0366,1945.1607,2.5,2038.73,2.56,-2.5,True,lose
ETHUSDT,FADE,SELL,12277,12278,1977.6176,2027.058,2.5,1946.55,1.789,1.571,False,lose
ETHUSDT,FADE,BUY,13090,13092,1917.55,1869.6112,2.5,2069.37,8.278,7.917,False,win
ETHUSDT,FADE,SELL,13162,13164,2079.6125,2131.6028,2.5,1946.35,6.809,6.408,False,win
ETHUSDT,FADE,SELL,17882,17883,2334.935,2393.3084,2.5,2339.62,2.318,-2.5,True,lose
ETHUSDT,FADE,SELL,20762,20782,2146.28,2199.937,2.5,2105.78,1.993,1.887,False,lose
ETHUSDT,FADE,SELL,22867,22869,1686.4625,1728.6241,2.5,1660.7,2.093,1.528,False,win
ETHUSDT,FADE,BUY,23149,23155,1658.216,1616.7606,2.5,1717.9,4.45,3.599,False,win
ETHUSDT,FADE,BUY,23294,23296,1759.765,1715.7709,2.5,1726.88,4.533,-2.5,True,lose
ETHUSDT,FADE,BUY,24664,24667,1567.74,1528.5465,2.5,1623.1,4.017,3.531,False,win
ETHUSDT,FADE,BUY,25403,25419,1735.2188,1691.8383,2.5,1775.16,2.406,2.302,False,win
ETHUSDT,FADE,BUY,25886,25888,1775.03,1730.6543,2.5,1860.7,5.178,4.826,False,win
ETHUSDT,FADE,BUY,27631,27650,1863.5763,1816.9869,2.5,1875.01,1.15,0.614,False,lose
ETHUSDT,FADE,SELL,27799,27800,1877.0717,1923.9985,2.5,1844.19,2.052,1.752,False,win
ETHUSDT,FADE,BUY,27911,27915,1830.225,1784.4694,2.5,1872.68,2.814,2.32,False,win
ETHUSDT,FADE,SELL,28785,28786,1914.4777,1962.3396,2.5,1878.79,2.219,1.864,False,win
LINKUSDT,FADE,BUY,2260,2261,15.0983,14.7209,2.5,15.813,5.555,4.733,False,win
LINKUSDT,FADE,SELL,5194,5198,14.937,15.3104,2.5,13.79,7.773,7.679,False,win
LINKUSDT,FADE,SELL,6946,6953,12.544,12.8576,2.5,12.367,1.842,-2.5,True,lose
LINKUSDT,FADE,BUY,7100,7104,12.297,11.9896,2.5,12.443,2.448,1.187,False,win
LINKUSDT,FADE,BUY,11121,11124,8.492,8.2797,2.5,8.963,6.147,5.546,False,win
LINKUSDT,FADE,BUY,17042,17050,8.7775,8.5581,2.5,8.964,2.273,2.125,False,win
LINKUSDT,FADE,BUY,17309,17316,8.9758,8.7514,2.5,9.233,3.3,2.865,False,win
LINKUSDT,FADE,SELL,17395,17400,9.3407,9.5742,2.5,9.398,2.341,-2.5,True,lose
LINKUSDT,FADE,BUY,18093,18100,9.1771,8.9477,2.5,9.339,2.331,1.764,False,win
LINKUSDT,FADE,BUY,18729,18738,8.9758,8.7514,2.5,9.249,3.344,3.043,False,win
LINKUSDT,FADE,BUY,18964,18974,9.0758,8.8489,2.5,9.209,1.963,1.467,False,lose
LINKUSDT,FADE,BUY,19068,19072,9.0758,8.8489,2.5,9.267,2.448,2.106,False,win
LINKUSDT,FADE,BUY,19531,19532,9.8585,9.612,2.5,10.256,4.275,4.032,False,win
LINKUSDT,FADE,BUY,20069,20073,10.0687,9.8169,2.5,10.635,5.873,5.625,False,win
LINKUSDT,FADE,SELL,20609,20614,9.7901,10.0349,2.5,9.462,3.679,3.352,False,win
LINKUSDT,FADE,BUY,23414,23419,8.1017,7.8991,2.5,7.993,3.275,-2.5,True,lose
LINKUSDT,FADE,BUY,24193,24194,7.0236,6.848,2.5,7.355,5.345,4.718,False,win
LINKUSDT,FADE,BUY,24439,24446,7.2705,7.0887,2.5,7.463,3.143,2.648,False,win
LINKUSDT,FADE,SELL,24596,24599,7.4724,7.6592,2.5,7.275,3.084,2.642,False,win
LINKUSDT,FADE,BUY,24659,24668,7.172,6.9927,2.5,7.411,4.03,3.332,False,win
LINKUSDT,FADE,BUY,25111,25120,7.854,7.6577,2.5,8.124,3.476,3.438,False,win
LINKUSDT,FADE,SELL,25552,25554,7.7955,7.9904,2.5,7.89,1.187,-2.5,True,lose
LINKUSDT,FADE,BUY,25770,25771,7.889,7.6918,2.5,8.074,2.687,2.345,False,win
LINKUSDT,FADE,SELL,25849,25850,8.0819,8.2839,2.5,7.93,2.721,1.879,False,win
LINKUSDT,FADE,BUY,25914,25916,7.889,7.6918,2.5,8.18,4.259,3.689,False,win
NEARUSDT,FADE,SELL,1939,1959,1.9543,2.0032,2.5,2.746,3.497,-2.5,True,lose
NEARUSDT,FADE,SELL,11409,11413,1.0047,1.0298,2.5,0.948,7.133,5.64,False,win
NEARUSDT,FADE,BUY,11443,11444,0.947,0.9233,2.5,0.999,6.336,5.491,False,win
NEARUSDT,FADE,SELL,11524,11525,1.0047,1.0298,2.5,1.038,1.161,-2.5,True,lose
NEARUSDT,FADE,BUY,14274,14276,1.3111,1.2783,2.5,1.344,3.424,2.508,False,win
NEARUSDT,FADE,SELL,15187,15188,1.3102,1.343,2.5,1.276,3.53,2.614,False,win
NEARUSDT,FADE,BUY,16086,16094,1.1475,1.1188,2.5,1.189,3.878,3.617,False,win
NEARUSDT,FADE,BUY,16556,16576,1.2277,1.1971,2.5,1.307,7.025,6.455,False,win
NEARUSDT,FADE,BUY,17300,17318,1.3528,1.319,2.5,1.384,3.56,2.304,False,win
NEARUSDT,FADE,SELL,17935,17937,1.386,1.4206,2.5,1.383,2.67,-2.5,True,lose
NEARUSDT,FADE,BUY,19831,19832,1.52,1.482,2.5,1.602,5.592,5.395,False,win
NEARUSDT,FADE,BUY,20101,20118,1.5545,1.5156,2.5,1.533,5.05,-2.5,True,lose
NEARUSDT,FADE,SELL,25187,25188,2.0557,2.1071,2.5,1.919,5.043,-2.5,True,lose
NEARUSDT,FADE,BUY,26701,26711,1.914,1.8661,2.5,1.837,1.985,-2.5,True,lose
NEARUSDT,FADE,SELL,29038,29046,1.6657,1.7073,2.5,1.613,3.344,3.164,False,win
NEARUSDT,FADE,BUY,29408,29418,1.5834,1.5438,2.5,1.638,3.638,3.448,False,win
SOLUSDT,FADE,BUY,1179,1182,190.9233,186.1503,2.5,201.13,5.624,5.346,False,win
SOLUSDT,FADE,SELL,3315,3318,143.8625,147.4591,2.5,132.53,8.614,7.877,False,win
SOLUSDT,FADE,BUY,5975,5976,121.4633,118.4267,2.5,124.37,6.205,-2.5,True,lose
SOLUSDT,FADE,SELL,6813,6817,124.75,127.8687,2.5,123.58,3.511,-2.5,True,lose
SOLUSDT,FADE,BUY,7098,7099,123.0729,119.996,2.5,125.56,2.777,2.021,False,win
SOLUSDT,FADE,BUY,11118,11124,83.485,81.3979,2.5,87.89,6.199,5.276,False,win
SOLUSDT,FADE,SELL,11527,11532,84.3533,86.4622,2.5,85.27,0.988,-2.5,True,lose
SOLUSDT,FADE,SELL,11873,11874,86.2743,88.4311,2.5,83.4,3.876,3.332,False,win
SOLUSDT,FADE,BUY,11911,11912,83.08,81.003,2.5,83.57,3.563,-2.5,True,lose
SOLUSDT,FADE,SELL,13828,13847,85.9,88.0475,2.5,84.85,1.304,-2.5,True,lose
SOLUSDT,FADE,SELL,14112,14115,87.5167,89.7046,2.5,87.84,2.841,-2.5,True,lose
SOLUSDT,FADE,SELL,14368,14382,88.745,90.9636,2.5,90.52,1.617,-2.5,True,lose
SOLUSDT,FADE,SELL,15165,15168,91.025,93.3006,2.5,89.14,2.642,2.071,False,win
SOLUSDT,FADE,SELL,15808,15817,84.0613,86.1628,2.5,80.68,4.962,4.022,False,win
SOLUSDT,FADE,SELL,16239,16243,80.3933,82.4032,2.5,79.57,1.36,1.024,False,lose
SOLUSDT,FADE,BUY,16394,16397,79.4917,77.5044,2.5,82.45,4.099,3.722,False,win
SOLUSDT,FADE,BUY,16553,16561,79.4917,77.5044,2.5,82.0,3.457,3.155,False,win
SOLUSDT,FADE,BUY,17650,17653,86.74,84.5715,2.5,85.67,0.242,-2.5,True,lose
SOLUSDT,FADE,SELL,18448,18451,86.795,88.9649,2.5,85.21,1.838,1.826,False,lose
SOLUSDT,FADE,SELL,18692,18704,84.8383,86.9593,2.5,83.1,2.273,2.049,False,win
SOLUSDT,FADE,BUY,18731,18738,81.9112,79.8634,2.5,84.1,3.002,2.672,False,win
SOLUSDT,FADE,SELL,20173,20174,93.53,95.8682,2.5,90.59,3.55,3.143,False,win
SOLUSDT,FADE,SELL,20751,20752,86.942,89.1155,2.5,84.51,3.487,2.797,False,win
SOLUSDT,FADE,BUY,22667,22668,63.8362,62.2403,2.5,65.47,2.982,2.559,False,win
SOLUSDT,FADE,SELL,23170,23172,70.6133,72.3787,2.5,73.14,0.741,-2.5,True,lose
SOLUSDT,FADE,BUY,24673,24678,72.6633,70.8467,2.5,75.14,4.386,3.408,False,win
SOLUSDT,FADE,BUY,25106,25108,80.25,78.2437,2.5,82.58,4.361,2.903,False,win
SOLUSDT,FADE,SELL,26450,26451,76.13,78.0332,2.5,77.2,1.077,-2.5,True,lose
SOLUSDT,FADE,BUY,26781,26782,77.1425,75.2139,2.5,74.39,2.213,-2.5,True,lose
SOLUSDT,FADE,SELL,27952,27955,74.1454,75.999,2.5,73.33,1.518,1.1,False,lose
SOLUSDT,FADE,BUY,28214,28222,72.9736,71.1493,2.5,73.97,1.516,1.365,False,lose
SOLUSDT,FADE,SELL,28315,28316,74.1454,75.999,2.5,75.95,1.342,-2.5,True,lose
XRPUSDT,FADE,SELL,1946,1949,2.37,2.4292,2.5,2.2167,6.852,6.468,False,win
XRPUSDT,FADE,SELL,3061,3076,2.2978,2.3552,2.5,2.1523,6.572,6.332,False,win
XRPUSDT,FADE,BUY,3932,3933,2.1483,2.0946,2.5,2.2411,4.903,4.321,False,win
XRPUSDT,FADE,SELL,7273,7288,1.8806,1.9277,2.5,1.843,2.316,2.002,False,win
XRPUSDT,FADE,SELL,11530,11532,1.4254,1.4611,2.5,1.48,1.967,-2.5,True,lose
XRPUSDT,FADE,BUY,13237,13253,1.3366,1.3032,2.5,1.4175,6.68,6.051,False,win
XRPUSDT,FADE,SELL,15168,15170,1.4437,1.4798,2.5,1.3974,3.41,3.209,False,win
XRPUSDT,FADE,SELL,15338,15350,1.4263,1.4619,2.5,1.3876,2.851,2.711,False,win
XRPUSDT,FADE,SELL,15803,15820,1.3646,1.3988,2.5,1.3231,3.594,3.045,False,win
XRPUSDT,FADE,BUY,15866,15867,1.3231,1.29,2.5,1.3539,2.438,2.332,False,win
XRPUSDT,FADE,SELL,16002,16006,1.3646,1.3988,2.5,1.3129,3.8,3.792,False,win
XRPUSDT,FADE,BUY,16556,16558,1.3198,1.2868,2.5,1.3543,3.373,2.615,False,win
XRPUSDT,FADE,SELL,17919,17928,1.4411,1.4771,2.5,1.4207,2.136,1.414,False,win
XRPUSDT,FADE,BUY,18095,18099,1.419,1.3835,2.5,1.432,1.852,0.915,False,lose
XRPUSDT,FADE,BUY,18353,18354,1.419,1.3835,2.5,1.4442,1.881,1.775,False,lose
XRPUSDT,FADE,SELL,18912,18913,1.3983,1.4333,2.5,1.411,1.298,-2.5,True,lose
XRPUSDT,FADE,BUY,19443,19447,1.4043,1.3692,2.5,1.4186,1.392,1.015,False,lose
XRPUSDT,FADE,BUY,20067,20073,1.4129,1.3775,2.5,1.4706,4.32,4.086,False,win
XRPUSDT,FADE,SELL,21520,21523,1.3358,1.3692,2.5,1.3263,3.169,0.714,False,win
XRPUSDT,FADE,BUY,23140,23141,1.1279,1.0997,2.5,1.1702,4.19,3.747,False,win
XRPUSDT,FADE,SELL,23170,23175,1.1802,1.2097,2.5,1.2149,0.621,-2.5,True,lose
XRPUSDT,FADE,SELL,23709,23719,1.1541,1.1829,2.5,1.1312,3.014,1.983,False,win
XRPUSDT,FADE,BUY,24436,24447,1.0429,1.0168,2.5,1.0692,3.192,2.52,False,win
XRPUSDT,FADE,BUY,25248,25250,1.1135,1.0856,2.5,1.106,4.583,-2.5,True,lose
XRPUSDT,FADE,SELL,26015,26024,1.1098,1.1375,2.5,1.0893,2.015,1.844,False,win
XRPUSDT,FADE,BUY,27643,27650,1.0637,1.0371,2.5,1.0756,1.136,1.117,False,lose
XRPUSDT,FADE,BUY,27914,27915,1.0637,1.0371,2.5,1.082,2.17,1.718,False,win
