symbol,rev_direction,entry_price,rev_max_roe_pct,rev_max_sl_pct,duration_bars,atr_pct,strong_breakout_loss,sideway_stuck_loss
ADAUSDT,BUY,0.269,1.041,8.699,377,0.632,True,False
ADAUSDT,SELL,0.2592,1.813,5.826,238,0.772,True,False
ADAUSDT,SELL,0.2465,1.217,8.682,254,0.568,True,False
ADAUSDT,BUY,0.2527,0.198,4.749,267,0.514,True,False
ADAUSDT,BUY,0.2607,0.69,6.022,637,0.46,True,False
AVAXUSDT,BUY,12.254,1.959,0.816,84,0.417,False,False
AVAXUSDT,BUY,12.568,1.321,3.016,302,0.549,True,False
AVAXUSDT,BUY,14.11,0.907,3.756,402,0.548,True,False
AVAXUSDT,BUY,13.57,1.356,12.587,333,0.217,True,False
AVAXUSDT,SELL,9.301,1.484,4.0,215,0.502,True,False
AVAXUSDT,BUY,9.309,1.794,1.794,177,0.491,False,False
AVAXUSDT,SELL,9.432,1.633,0.7,85,0.339,False,False
AVAXUSDT,BUY,9.299,1.699,0.194,64,0.272,False,False
AVAXUSDT,BUY,9.242,1.212,1.796,187,0.48,False,False
AVAXUSDT,SELL,9.174,1.711,0.774,130,0.334,False,False
AVAXUSDT,SELL,9.255,1.243,3.717,215,0.364,True,False
AVAXUSDT,SELL,6.683,1.9,6.419,376,0.572,True,False
AVAXUSDT,BUY,6.601,0.803,3.575,160,0.388,True,False
AVAXUSDT,SELL,6.539,1.254,2.233,174,0.45,False,False
AVAXUSDT,SELL,6.515,1.335,0.982,136,0.362,False,False
AVAXUSDT,BUY,6.48,1.682,0.108,19,0.196,False,False
BNBUSDT,BUY,883.61,1.408,4.849,216,0.349,True,False
BNBUSDT,BUY,849.27,0.5,1.639,173,0.25,False,True
BNBUSDT,SELL,846.5,1.317,0.214,38,0.171,False,False
BNBUSDT,BUY,838.2,1.11,2.051,182,0.17,False,False
BNBUSDT,SELL,841.8,0.513,3.677,207,0.169,True,False
BNBUSDT,BUY,848.05,1.96,0.196,115,0.311,False,False
BNBUSDT,BUY,902.0,0.373,2.993,228,0.353,False,False
BNBUSDT,SELL,899.78,0.123,2.025,175,0.2,False,False
BNBUSDT,BUY,901.37,1.588,0.811,170,0.196,False,False
BNBUSDT,BUY,888.59,0.171,3.664,218,0.102,True,False
BNBUSDT,SELL,882.96,0.649,3.06,238,0.212,True,False
BNBUSDT,SELL,615.9,0.95,4.351,193,0.594,True,False
BNBUSDT,BUY,653.16,1.237,0.488,115,0.281,False,False
BNBUSDT,BUY,629.24,1.955,0.41,84,0.273,False,False
BNBUSDT,SELL,639.88,1.017,2.079,113,0.247,False,False
BNBUSDT,SELL,612.19,1.753,2.155,79,0.34,False,False
BNBUSDT,BUY,632.27,0.465,2.709,216,0.324,False,False
BNBUSDT,SELL,629.4,0.68,4.05,231,0.31,True,False
BNBUSDT,SELL,635.57,1.611,0.757,44,0.156,False,False
BNBUSDT,BUY,626.41,0.557,1.221,206,0.299,False,True
BNBUSDT,BUY,616.75,1.041,1.047,186,0.274,False,False
BNBUSDT,BUY,616.07,0.997,0.174,59,0.116,False,True
BNBUSDT,SELL,648.15,0.455,1.308,131,0.274,False,True
BNBUSDT,SELL,653.26,0.499,3.1,219,0.219,True,False
BNBUSDT,BUY,657.93,1.607,4.485,383,0.255,True,False
BNBUSDT,BUY,605.57,1.21,5.76,359,0.423,True,False
BNBUSDT,SELL,561.02,1.962,0.216,48,0.348,False,False
BNBUSDT,BUY,550.35,1.067,2.369,140,0.217,False,False
BNBUSDT,BUY,577.82,1.67,2.984,176,0.206,False,False
BNBUSDT,SELL,582.76,1.654,0.079,45,0.265,False,False
BNBUSDT,BUY,574.13,1.458,2.022,151,0.188,False,False
BNBUSDT,SELL,579.92,0.936,1.107,212,0.282,False,True
BNBUSDT,SELL,570.49,1.311,0.687,160,0.142,False,False
BNBUSDT,BUY,566.6,1.603,0.344,42,0.263,False,False
BNBUSDT,BUY,569.69,1.078,2.382,333,0.178,False,False
BNBUSDT,SELL,567.63,0.43,1.756,220,0.127,False,True
BNBUSDT,BUY,566.56,1.684,0.718,100,0.278,False,False
BNBUSDT,SELL,573.38,1.371,4.05,327,0.186,True,False
BNBUSDT,SELL,585.26,0.654,3.557,373,0.216,True,False
BNBUSDT,BUY,594.34,0.739,1.471,206,0.205,False,True
BNBUSDT,BUY,607.59,0.933,0.739,145,0.275,False,True
BNBUSDT,BUY,607.67,0.877,1.233,343,0.109,False,True
BNBUSDT,SELL,704.28,1.569,1.864,113,0.291,False,False
BTCUSDT,SELL,107730.6,0.388,3.638,163,0.343,True,False
BTCUSDT,SELL,103145.0,1.789,0.897,148,0.486,False,False
BTCUSDT,BUY,89602.7,1.133,5.055,405,0.513,True,False
BTCUSDT,BUY,88229.0,0.414,2.124,248,0.297,False,False
BTCUSDT,BUY,86980.1,1.123,0.253,164,0.346,False,False
BTCUSDT,SELL,87771.1,0.42,2.965,105,0.092,False,False
BTCUSDT,BUY,87747.2,1.571,1.125,117,0.326,False,False
BTCUSDT,BUY,87588.4,1.013,0.456,114,0.295,False,False
BTCUSDT,SELL,90987.1,1.012,1.65,98,0.086,False,False
BTCUSDT,SELL,91908.8,0.227,6.554,249,0.234,True,False
BTCUSDT,BUY,95453.9,0.402,8.641,757,0.359,True,False
BTCUSDT,BUY,89207.3,0.266,3.571,236,0.096,True,False
BTCUSDT,SELL,88785.7,1.712,2.035,199,0.262,False,False
BTCUSDT,SELL,68864.1,0.783,3.012,192,0.566,True,False
BTCUSDT,BUY,67574.2,0.334,7.655,235,0.242,True,False
BTCUSDT,BUY,66571.4,1.245,1.345,233,0.487,False,False
BTCUSDT,SELL,67209.9,0.944,0.513,96,0.112,False,True
BTCUSDT,BUY,77483.0,1.504,0.752,261,0.3,False,False
BTCUSDT,SELL,77967.4,0.717,1.908,103,0.151,False,True
BTCUSDT,BUY,77575.5,0.846,2.501,181,0.269,False,False
BTCUSDT,BUY,80542.3,0.904,2.27,211,0.183,False,False
BTCUSDT,BUY,78727.8,1.022,3.447,464,0.341,True,False
BTCUSDT,SELL,77478.3,1.227,0.906,217,0.173,False,False
BTCUSDT,SELL,73908.6,1.087,0.462,156,0.147,False,False
BTCUSDT,SELL,62581.7,0.426,3.446,342,0.333,True,False
BTCUSDT,BUY,65730.4,1.048,5.322,302,0.238,True,False
BTCUSDT,SELL,60118.6,0.937,6.441,469,0.513,True,False
BTCUSDT,SELL,62979.6,0.875,2.7,274,0.311,False,False
BTCUSDT,BUY,63638.6,1.215,2.88,220,0.175,False,False
BTCUSDT,SELL,64059.9,0.505,1.6,252,0.35,False,True
BTCUSDT,SELL,64318.6,1.169,2.183,197,0.098,False,False
BTCUSDT,BUY,62764.9,1.904,0.791,37,0.183,False,False
BTCUSDT,SELL,63678.5,0.61,2.11,343,0.37,False,False
BTCUSDT,BUY,64225.8,1.498,0.134,27,0.167,False,False
BTCUSDT,SELL,65055.0,0.868,0.466,163,0.176,False,True
BTCUSDT,SELL,65195.0,1.093,0.441,101,0.073,False,False
BTCUSDT,SELL,64230.5,1.463,0.342,20,0.139,False,False
BTCUSDT,BUY,63462.3,0.833,1.541,383,0.234,False,True
BTCUSDT,SELL,63294.8,0.97,0.119,29,0.052,False,True
BTCUSDT,SELL,63460.0,0.323,25.363,579,0.181,True,False
DOGEUSDT,BUY,0.1834,1.827,17.393,338,0.436,True,False
DOGEUSDT,SELL,0.1241,1.362,3.134,140,0.242,True,False
DOGEUSDT,BUY,0.1236,1.44,6.705,269,0.566,True,False
DOGEUSDT,SELL,0.0915,1.562,9.724,156,0.656,True,False
DOGEUSDT,BUY,0.0959,1.511,2.085,97,0.417,False,False
DOGEUSDT,SELL,0.0958,1.482,9.006,318,0.417,True,False
DOGEUSDT,SELL,0.0942,1.953,3.981,252,0.955,True,False
DOGEUSDT,SELL,0.1004,1.454,1.354,158,0.398,False,False
DOGEUSDT,SELL,0.085,0.988,8.776,176,0.353,True,False
DOGEUSDT,SELL,0.0883,1.834,2.864,118,0.453,False,False
DOGEUSDT,SELL,0.0732,1.504,0.984,102,0.273,False,False
DOGEUSDT,BUY,0.0724,1.519,6.008,316,0.276,True,False
DOGEUSDT,SELL,0.0701,1.669,1.94,113,0.285,False,False
DOGEUSDT,SELL,0.0703,1.564,0.498,192,0.284,False,False
DOGEUSDT,SELL,0.0701,1.098,2.053,151,0.285,False,False
DOGEUSDT,BUY,0.0698,1.589,0.014,77,0.286,False,False
DOGEUSDT,BUY,0.0697,1.736,0.474,143,0.43,False,False
DOGEUSDT,SELL,0.0702,0.869,44.028,731,0.143,True,False
ETHUSDT,BUY,2908.36,1.77,0.075,169,0.432,False,False
ETHUSDT,SELL,2941.99,1.136,3.875,102,0.163,True,False
ETHUSDT,SELL,2990.5,1.646,10.617,753,0.477,True,False
ETHUSDT,SELL,3113.84,1.686,1.832,152,0.128,False,False
ETHUSDT,BUY,3296.49,0.962,1.367,142,0.284,False,True
ETHUSDT,SELL,2943.77,1.999,3.439,255,0.563,True,False
ETHUSDT,BUY,2010.18,1.98,5.791,322,0.712,True,False
ETHUSDT,SELL,1973.29,1.574,1.183,112,0.195,False,False
ETHUSDT,BUY,2319.4,0.981,2.732,188,0.455,False,False
ETHUSDT,SELL,2314.24,0.92,2.923,280,0.195,False,False
ETHUSDT,BUY,2253.0,0.47,7.933,528,0.33,True,False
ETHUSDT,SELL,2139.28,1.672,0.828,71,0.312,False,False
ETHUSDT,BUY,2006.09,0.807,25.048,632,0.251,True,False
ETHUSDT,SELL,1680.16,1.725,1.068,283,0.685,False,False
ETHUSDT,SELL,1623.1,1.661,12.932,629,0.636,True,False
ETHUSDT,BUY,1756.44,1.306,2.504,190,0.429,False,False
ETHUSDT,BUY,1887.39,0.363,4.5,231,0.36,True,False
ETHUSDT,SELL,1858.75,0.91,5.38,457,0.226,True,False
ETHUSDT,BUY,1883.46,0.332,3.337,169,0.291,True,False
ETHUSDT,SELL,1875.01,1.944,1.253,113,0.31,False,False
ETHUSDT,SELL,1905.1,1.737,1.043,57,0.211,False,False
ETHUSDT,BUY,1878.79,1.108,0.888,358,0.239,False,False
ETHUSDT,SELL,1887.22,1.018,35.088,572,0.104,True,False
ETHUSDT,SELL,2449.22,1.069,3.41,114,0.418,True,False
LINKUSDT,SELL,12.433,1.576,4.842,155,0.247,True,False
LINKUSDT,BUY,12.367,1.868,1.819,313,0.632,False,False
LINKUSDT,SELL,9.233,1.202,6.845,258,0.472,True,False
LINKUSDT,SELL,9.337,1.778,2.346,211,0.456,False,False
LINKUSDT,BUY,9.287,1.12,1.594,103,0.404,False,False
LINKUSDT,SELL,9.339,1.06,1.114,165,0.328,False,False
LINKUSDT,BUY,9.292,1.668,0.075,56,0.214,False,False
LINKUSDT,SELL,9.422,1.38,1.762,91,0.206,False,False
LINKUSDT,BUY,9.103,1.659,0.472,77,0.212,False,False
LINKUSDT,SELL,9.209,1.488,0.141,29,0.223,False,False
LINKUSDT,SELL,7.836,1.978,2.82,300,0.379,False,False
LINKUSDT,SELL,7.411,1.484,10.296,335,0.591,True,False
LINKUSDT,SELL,7.757,0.696,4.641,219,0.418,True,False
LINKUSDT,SELL,8.34,0.731,5.036,432,0.267,True,False
NEARUSDT,BUY,0.997,1.103,5.918,202,0.692,True,False
NEARUSDT,SELL,0.999,0.601,10.31,213,0.711,True,False
NEARUSDT,SELL,1.414,1.909,1.273,148,0.382,False,False
NEARUSDT,BUY,1.391,1.582,4.529,333,0.295,True,False
NEARUSDT,BUY,1.938,0.722,8.359,509,0.599,True,False
NEARUSDT,BUY,1.699,1.825,7.357,430,0.512,True,False
NEARUSDT,BUY,1.605,1.308,4.299,114,0.586,True,False
SOLUSDT,BUY,142.41,0.548,12.752,364,0.271,True,False
SOLUSDT,BUY,127.81,1.831,8.458,394,0.592,True,False
SOLUSDT,BUY,122.78,0.937,45.195,824,0.474,True,False
SOLUSDT,SELL,83.61,0.921,9.066,210,0.845,True,False
SOLUSDT,SELL,85.58,1.531,3.739,252,0.72,True,False
SOLUSDT,SELL,88.43,1.267,10.426,317,0.342,True,False
SOLUSDT,SELL,90.18,1.73,2.284,118,1.028,False,False
SOLUSDT,SELL,80.08,0.974,1.948,156,0.432,False,True
SOLUSDT,BUY,82.59,1.986,1.647,166,0.573,False,False
SOLUSDT,BUY,87.09,0.126,4.96,244,0.382,True,False
SOLUSDT,SELL,85.67,1.646,4.226,209,0.359,True,False
SOLUSDT,SELL,86.6,1.293,0.173,41,0.182,False,False
SOLUSDT,SELL,86.43,1.539,1.909,58,0.183,False,False
SOLUSDT,BUY,85.21,0.704,2.699,188,0.384,False,False
SOLUSDT,BUY,83.1,1.528,2.154,150,0.45,False,False
SOLUSDT,SELL,84.1,1.094,16.956,1090,0.287,True,False
SOLUSDT,BUY,94.67,1.373,5.218,205,0.471,True,False
SOLUSDT,SELL,82.69,1.584,0.822,157,0.34,False,False
SOLUSDT,SELL,70.12,0.342,8.471,230,0.597,True,False
SOLUSDT,BUY,77.86,1.284,4.881,360,0.372,True,False
SOLUSDT,BUY,75.98,1.145,3.501,258,0.386,True,False
SOLUSDT,SELL,76.06,0.986,3.694,332,0.223,True,False
SOLUSDT,BUY,72.95,0.699,3.345,144,0.379,True,False
SOLUSDT,SELL,73.1,1.683,1.669,119,0.308,False,False
SOLUSDT,SELL,73.69,0.909,1.533,263,0.383,False,True
SOLUSDT,BUY,73.33,1.336,1.418,102,0.257,False,False
SOLUSDT,SELL,73.97,1.109,5.286,313,0.245,True,False
SOLUSDT,BUY,75.95,0.908,1.817,132,0.314,False,True
SOLUSDT,BUY,75.45,1.524,1.922,422,0.285,False,False
SOLUSDT,SELL,75.74,0.805,35.78,742,0.208,True,False
XRPUSDT,BUY,2.3904,1.774,2.799,184,0.481,False,False
XRPUSDT,BUY,2.1796,1.991,9.043,315,0.321,True,False
XRPUSDT,SELL,1.8628,0.596,2.91,154,0.22,False,False
XRPUSDT,BUY,1.8619,1.278,1.047,171,0.36,False,False
XRPUSDT,SELL,1.8717,1.907,0.572,37,0.16,False,False
XRPUSDT,BUY,1.3963,1.776,3.96,272,0.645,True,False
XRPUSDT,SELL,1.4164,1.341,17.855,203,0.748,True,False
XRPUSDT,SELL,1.35,1.674,0.096,71,0.296,False,False
XRPUSDT,BUY,1.3129,1.729,2.574,152,0.487,False,False
XRPUSDT,BUY,1.3336,1.612,1.162,169,0.382,False,False
XRPUSDT,BUY,1.439,0.486,3.523,267,0.431,True,False
XRPUSDT,SELL,1.4308,1.433,2.195,177,0.238,False,False
XRPUSDT,BUY,1.4207,1.732,0.894,123,0.331,False,False
XRPUSDT,SELL,1.432,0.964,1.278,137,0.23,False,True
XRPUSDT,BUY,1.4191,1.874,0.148,129,0.176,False,False
XRPUSDT,BUY,1.4134,0.361,3.297,201,0.304,True,False
XRPUSDT,SELL,1.3911,0.784,4.723,532,0.252,True,False
XRPUSDT,BUY,1.411,0.914,2.417,163,0.276,False,False
XRPUSDT,SELL,1.4186,0.592,6.288,365,0.352,True,False
XRPUSDT,BUY,1.4315,1.341,5.938,537,0.454,True,False
XRPUSDT,SELL,1.1702,0.299,10.494,165,0.496,True,False
XRPUSDT,SELL,1.0621,1.685,11.458,336,0.48,True,False
XRPUSDT,BUY,1.0921,1.135,3.617,245,0.311,True,False
XRPUSDT,SELL,1.1035,1.459,2.374,214,0.426,False,False
XRPUSDT,SELL,1.0956,1.214,6.252,409,0.173,True,False
XRPUSDT,SELL,1.1022,1.597,1.279,194,0.181,False,False
XRPUSDT,BUY,1.0711,0.457,2.306,155,0.196,False,False
XRPUSDT,SELL,1.0756,1.19,1.608,118,0.242,False,False
XRPUSDT,BUY,1.0672,1.837,0.478,39,0.216,False,False
XRPUSDT,SELL,1.082,1.71,0.176,158,0.333,False,False
XRPUSDT,SELL,1.0359,0.84,1.207,165,0.193,False,True
XRPUSDT,BUY,1.0052,0.965,2.069,621,0.249,False,False
