symbol,orig_direction,rev_direction,signal_index,entry_index,entry_price,exit_price,duration_bars,rev_max_roe_pct,rev_max_sl_pct,rev_net_pnl_pct,rev_label
ADAUSDT,BUY,SELL,213,214,0.6348,0.6398,232,2.001,6.411,-0.788,win
ADAUSDT,SELL,BUY,444,445,0.6412,0.6802,45,6.862,0.733,6.082,win
ADAUSDT,BUY,SELL,1941,1942,0.5474,0.5237,91,5.663,0.183,4.33,win
ADAUSDT,BUY,SELL,3648,3649,0.4141,0.4117,193,2.994,4.781,0.58,win
ADAUSDT,SELL,BUY,3840,3841,0.4114,0.4337,118,5.907,1.702,5.421,win
ADAUSDT,BUY,SELL,3957,3958,0.4348,0.4243,131,3.082,0.943,2.415,win
ADAUSDT,BUY,SELL,6430,6431,0.3741,0.3648,85,3.234,2.165,2.486,win
ADAUSDT,BUY,SELL,6816,6817,0.3566,0.3459,14,3.561,0.337,3.001,win
ADAUSDT,SELL,BUY,6829,6830,0.3442,0.3579,78,4.271,0.029,3.98,win
ADAUSDT,BUY,SELL,7059,7060,0.3766,0.365,47,3.956,2.124,3.08,win
ADAUSDT,BUY,SELL,8405,8406,0.4018,0.3844,45,5.077,0.423,4.331,win
ADAUSDT,BUY,SELL,9348,9349,0.3684,0.3548,161,4.397,0.299,3.692,win
ADAUSDT,BUY,SELL,10494,10495,0.3004,0.2864,171,6.258,1.498,4.66,win
ADAUSDT,BUY,SELL,11411,11412,0.2654,0.284,310,3.052,13.677,-7.008,win
ADAUSDT,SELL,BUY,12506,12507,0.2608,0.2696,122,4.103,2.837,3.374,win
ADAUSDT,SELL,BUY,13473,13474,0.269,0.2589,377,1.041,8.699,-3.755,lose
ADAUSDT,BUY,SELL,13849,13850,0.2592,0.2594,238,1.813,5.826,-0.077,lose
ADAUSDT,BUY,SELL,16004,16005,0.2527,0.2383,86,6.015,0.237,5.698,win
ADAUSDT,BUY,SELL,16458,16459,0.2547,0.246,94,4.005,2.081,3.416,win
ADAUSDT,SELL,BUY,16551,16552,0.245,0.2588,93,6.776,2.163,5.633,win
ADAUSDT,BUY,SELL,17399,17400,0.2465,0.2525,254,1.217,8.682,-2.434,lose
ADAUSDT,SELL,BUY,17652,17653,0.2527,0.2494,267,0.198,4.749,-1.306,lose
ADAUSDT,BUY,SELL,17918,17919,0.2493,0.2477,178,2.206,3.289,0.642,win
ADAUSDT,SELL,BUY,18357,18358,0.2486,0.2538,67,2.293,0.121,2.092,win
ADAUSDT,BUY,SELL,18423,18424,0.2541,0.2474,81,3.188,0.787,2.637,win
ADAUSDT,SELL,BUY,18729,18730,0.2438,0.2485,146,2.666,2.338,1.928,win
ADAUSDT,SELL,BUY,19524,19525,0.261,0.2715,76,4.33,0.421,4.023,win
ADAUSDT,SELL,BUY,20256,20257,0.2607,0.2516,637,0.69,6.022,-3.491,lose
ADAUSDT,BUY,SELL,20892,20893,0.2514,0.2442,61,3.699,1.233,2.864,win
ADAUSDT,BUY,SELL,21227,21228,0.2459,0.2405,39,2.521,0.732,2.196,win
ADAUSDT,BUY,SELL,21653,21654,0.2384,0.2328,152,2.643,0.419,2.349,win
ADAUSDT,SELL,BUY,23135,23136,0.1671,0.1764,37,5.805,1.137,5.566,win
ADAUSDT,BUY,SELL,24162,24163,0.1501,0.1427,35,7.995,0.2,4.93,win
ADAUSDT,SELL,BUY,24196,24197,0.1427,0.1484,108,5.046,3.083,3.994,win
ADAUSDT,BUY,SELL,24303,24304,0.1486,0.1447,116,3.432,0.673,2.624,win
ADAUSDT,SELL,BUY,24669,24670,0.1421,0.1519,63,7.671,0.211,6.897,win
ADAUSDT,BUY,SELL,27089,27090,0.1655,0.1591,182,4.713,1.027,3.867,win
ADAUSDT,SELL,BUY,29824,29825,0.2165,0.2242,175,6.513,1.293,3.557,win
AVAXUSDT,BUY,SELL,652,653,19.536,19.12,61,2.846,1.044,2.129,win
AVAXUSDT,BUY,SELL,1523,1524,18.577,18.156,119,2.369,2.277,2.266,win
AVAXUSDT,BUY,SELL,1941,1942,16.915,16.065,82,5.439,0.053,5.025,win
AVAXUSDT,BUY,SELL,2089,2090,16.91,16.93,173,4.926,8.829,-0.118,win
AVAXUSDT,BUY,SELL,5013,5014,13.766,13.857,311,3.69,7.664,-0.661,win
AVAXUSDT,BUY,SELL,5457,5458,13.626,12.82,27,6.128,0.352,5.915,win
AVAXUSDT,SELL,BUY,5483,5484,12.969,13.373,68,3.778,1.373,3.115,win
AVAXUSDT,BUY,SELL,6428,6429,12.363,11.907,106,4.554,1.456,3.688,win
AVAXUSDT,SELL,BUY,6763,6764,12.041,12.562,17,4.75,0.208,4.327,win
AVAXUSDT,SELL,BUY,6827,6828,12.254,12.448,84,1.959,0.816,1.583,lose
AVAXUSDT,SELL,BUY,7036,7037,12.552,12.906,26,3.258,0.239,2.82,win
AVAXUSDT,SELL,BUY,7100,7101,12.568,12.524,302,1.321,3.016,-0.35,lose
AVAXUSDT,SELL,BUY,7974,7975,14.11,13.858,402,0.907,3.756,-1.786,lose
AVAXUSDT,SELL,BUY,8439,8440,13.63,13.973,110,3.448,1.959,2.517,win
AVAXUSDT,SELL,BUY,9015,9016,13.57,12.51,333,1.356,12.587,-7.811,lose
AVAXUSDT,SELL,BUY,9415,9416,12.046,11.796,436,3.669,6.832,-2.075,win
AVAXUSDT,BUY,SELL,11408,11409,8.862,9.247,322,2.844,9.964,-4.344,win
AVAXUSDT,SELL,BUY,13086,13087,8.87,9.442,76,6.55,0.124,6.449,win
AVAXUSDT,BUY,SELL,13161,13162,9.31,9.083,81,4.006,1.794,2.438,win
AVAXUSDT,SELL,BUY,15926,15927,8.756,9.246,76,6.236,0.514,5.596,win
AVAXUSDT,SELL,BUY,16084,16085,8.768,8.903,121,2.042,1.779,1.54,win
AVAXUSDT,SELL,BUY,16390,16391,8.815,9.266,69,5.389,0.839,5.116,win
AVAXUSDT,SELL,BUY,16975,16976,9.283,9.515,39,2.941,1.066,2.499,win
AVAXUSDT,SELL,BUY,17043,17044,9.087,9.253,158,3.301,1.794,1.827,win
AVAXUSDT,BUY,SELL,17880,17881,9.301,9.286,215,1.484,4.0,0.161,lose
AVAXUSDT,SELL,BUY,18094,18095,9.309,9.441,177,1.794,1.794,1.418,lose
AVAXUSDT,BUY,SELL,18270,18271,9.432,9.316,85,1.633,0.7,1.23,lose
AVAXUSDT,SELL,BUY,18354,18355,9.299,9.443,64,1.699,0.194,1.549,lose
AVAXUSDT,BUY,SELL,18417,18418,9.443,9.238,85,2.542,1.239,2.171,win
AVAXUSDT,SELL,BUY,18501,18502,9.242,9.327,187,1.212,1.796,0.92,lose
AVAXUSDT,BUY,SELL,18934,18935,9.174,9.042,130,1.711,0.774,1.439,lose
AVAXUSDT,SELL,BUY,19063,19064,9.036,9.278,96,3.298,0.808,2.678,win
AVAXUSDT,SELL,BUY,19521,19522,9.441,9.734,76,3.76,0.328,3.103,win
AVAXUSDT,BUY,SELL,20166,20167,10.01,9.544,90,4.785,1.229,4.655,win
AVAXUSDT,BUY,SELL,20739,20740,9.255,9.228,215,1.243,3.717,0.292,lose
AVAXUSDT,SELL,BUY,21805,21806,8.824,6.646,1065,2.799,29.533,-24.683,win
AVAXUSDT,SELL,BUY,23341,23342,6.778,6.186,401,3.541,16.303,-8.734,win
AVAXUSDT,BUY,SELL,23901,23902,6.402,6.122,80,6.232,1.031,4.374,win
AVAXUSDT,SELL,BUY,23980,23981,6.101,6.488,54,6.442,0.131,6.343,win
AVAXUSDT,SELL,BUY,24110,24111,6.118,6.412,37,6.048,2.109,4.805,win
AVAXUSDT,BUY,SELL,24303,24304,6.494,6.381,116,2.756,2.71,1.74,win
AVAXUSDT,SELL,BUY,24669,24670,6.392,6.669,66,5.21,0.172,4.334,win
AVAXUSDT,BUY,SELL,24734,24735,6.683,6.823,376,1.9,6.419,-2.095,lose
AVAXUSDT,SELL,BUY,25109,25110,6.802,6.922,84,2.999,0.838,1.764,win
AVAXUSDT,BUY,SELL,25508,25509,6.732,6.546,261,2.897,1.5,2.763,win
AVAXUSDT,SELL,BUY,26195,26196,6.601,6.629,160,0.803,3.575,0.424,lose
AVAXUSDT,BUY,SELL,26581,26582,6.539,6.479,174,1.254,2.233,0.918,lose
AVAXUSDT,BUY,SELL,26803,26804,6.607,6.473,81,2.861,0.832,2.028,win
AVAXUSDT,BUY,SELL,28376,28377,6.515,6.477,136,1.335,0.982,0.583,lose
AVAXUSDT,SELL,BUY,28511,28512,6.48,6.54,19,1.682,0.108,0.926,lose
AVAXUSDT,SELL,BUY,28977,28978,6.355,6.484,61,2.502,0.173,2.03,win
AVAXUSDT,BUY,SELL,29891,29892,7.638,7.597,108,3.247,0.144,0.537,win
BNBUSDT,BUY,SELL,169,170,1118.02,1085.11,103,4.501,0.563,2.944,win
BNBUSDT,SELL,BUY,271,272,1069.44,1127.32,29,5.497,0.035,5.412,win
BNBUSDT,BUY,SELL,299,300,1120.11,1096.05,107,2.968,2.02,2.148,win
BNBUSDT,SELL,BUY,782,783,1100.82,1124.63,167,2.881,0.074,2.163,win
BNBUSDT,SELL,BUY,2112,2113,935.47,979.61,23,5.268,1.032,4.718,win
BNBUSDT,SELL,BUY,2413,2414,979.49,945.37,490,2.996,9.333,-3.483,win
BNBUSDT,SELL,BUY,2988,2989,917.27,935.49,201,2.537,3.619,1.986,win
BNBUSDT,BUY,SELL,3188,3189,936.54,892.27,87,4.929,0.567,4.727,win
BNBUSDT,BUY,SELL,4321,4322,896.82,841.33,43,6.336,0.394,6.187,win
BNBUSDT,BUY,SELL,4948,4949,895.04,880.73,50,2.735,0.379,1.599,win
BNBUSDT,BUY,SELL,5019,5020,905.26,892.03,122,2.648,0.942,1.461,win
BNBUSDT,SELL,BUY,5140,5141,893.66,923.75,57,3.805,1.325,3.367,win
BNBUSDT,BUY,SELL,5196,5197,921.75,891.3,43,3.711,0.738,3.303,win
BNBUSDT,SELL,BUY,5238,5239,891.13,886.29,179,2.761,3.583,-0.543,win
BNBUSDT,SELL,BUY,5678,5679,883.61,873.11,216,1.408,4.849,-1.188,lose
BNBUSDT,BUY,SELL,5893,5894,874.05,859.72,50,2.119,0.262,1.639,win
BNBUSDT,SELL,BUY,6502,6503,849.27,846.52,173,0.5,1.639,-0.324,lose
BNBUSDT,BUY,SELL,6674,6675,846.5,838.0,38,1.317,0.214,1.004,lose
BNBUSDT,SELL,BUY,6711,6712,838.2,840.22,182,1.11,2.051,0.241,lose
BNBUSDT,BUY,SELL,6892,6893,841.8,852.3,207,0.513,3.677,-1.247,lose
BNBUSDT,SELL,BUY,7098,7099,848.05,861.03,115,1.96,0.196,1.531,lose
BNBUSDT,SELL,BUY,7979,7980,902.0,900.24,228,0.373,2.993,-0.195,lose
BNBUSDT,BUY,SELL,8206,8207,899.78,902.64,175,0.123,2.025,-0.318,lose
BNBUSDT,SELL,BUY,8380,8381,901.37,912.22,170,1.588,0.811,1.204,lose
BNBUSDT,BUY,SELL,8915,8916,942.75,913.22,152,4.464,1.883,3.132,win
BNBUSDT,SELL,BUY,9625,9626,888.59,883.33,218,0.171,3.664,-0.592,lose
BNBUSDT,BUY,SELL,9842,9843,882.96,891.92,238,0.649,3.06,-1.015,lose
BNBUSDT,BUY,SELL,10534,10535,780.16,749.44,48,5.624,0.464,3.938,win
BNBUSDT,BUY,SELL,10864,10865,665.07,634.51,66,4.95,0.514,4.595,win
BNBUSDT,BUY,SELL,11388,11389,615.58,596.06,104,3.782,0.846,3.171,win
BNBUSDT,SELL,BUY,11491,11492,593.18,614.28,47,4.381,0.101,3.557,win
BNBUSDT,BUY,SELL,11537,11538,615.9,614.25,193,0.95,4.351,0.268,lose
BNBUSDT,BUY,SELL,11852,11853,626.46,614.9,69,2.754,0.884,1.845,win
BNBUSDT,SELL,BUY,14253,14254,653.16,660.21,115,1.237,0.488,1.079,lose
BNBUSDT,BUY,SELL,15165,15166,644.92,629.6,69,2.758,0.699,2.375,win
BNBUSDT,SELL,BUY,15233,15234,629.24,639.26,84,1.955,0.41,1.592,lose
BNBUSDT,BUY,SELL,15316,15317,639.88,635.27,113,1.017,2.079,0.72,lose
BNBUSDT,SELL,BUY,15919,15920,605.54,617.43,55,2.393,1.146,1.964,win
BNBUSDT,BUY,SELL,15973,15974,617.22,596.88,111,3.333,0.881,3.295,win
BNBUSDT,SELL,BUY,16561,16562,597.46,610.28,78,2.767,0.877,2.146,win
BNBUSDT,BUY,SELL,16638,16639,612.19,605.61,79,1.753,2.155,1.075,lose
BNBUSDT,BUY,SELL,16922,16923,609.92,595.85,120,3.228,0.762,2.307,win
BNBUSDT,SELL,BUY,17041,17042,593.81,605.53,153,2.046,0.781,1.974,win
BNBUSDT,SELL,BUY,17656,17657,632.27,629.25,216,0.465,2.709,-0.478,lose
BNBUSDT,BUY,SELL,17871,17872,629.4,635.29,231,0.68,4.05,-0.936,lose
BNBUSDT,BUY,SELL,18459,18460,635.57,626.66,44,1.611,0.757,1.402,lose
BNBUSDT,SELL,BUY,18502,18503,626.41,628.13,206,0.557,1.221,0.275,lose
BNBUSDT,SELL,BUY,18729,18730,616.75,620.96,186,1.041,1.047,0.683,lose
BNBUSDT,SELL,BUY,18987,18988,616.07,618.57,59,0.997,0.174,0.406,lose
BNBUSDT,SELL,BUY,19524,19525,634.27,647.99,83,2.486,0.076,2.163,win
BNBUSDT,BUY,SELL,19606,19607,648.15,648.01,131,0.455,1.308,0.022,lose
BNBUSDT,SELL,BUY,19978,19979,653.7,667.44,25,2.264,0.415,2.102,win
BNBUSDT,BUY,SELL,20174,20175,684.33,672.62,123,2.179,0.909,1.711,win
BNBUSDT,BUY,SELL,21047,21048,653.26,659.25,219,0.499,3.1,-0.917,lose
BNBUSDT,SELL,BUY,21265,21266,657.93,648.62,383,1.607,4.485,-1.415,lose
BNBUSDT,SELL,BUY,22660,22661,586.12,601.47,169,3.03,0.891,2.619,win
BNBUSDT,SELL,BUY,23162,23163,603.1,616.74,13,2.409,0.002,2.262,win
BNBUSDT,SELL,BUY,23327,23328,605.57,586.84,359,1.21,5.76,-3.093,lose
BNBUSDT,BUY,SELL,24175,24176,568.81,554.18,19,4.977,0.079,2.572,win
BNBUSDT,BUY,SELL,24606,24607,561.02,550.32,48,1.962,0.216,1.907,lose
BNBUSDT,SELL,BUY,24653,24654,550.35,551.62,140,1.067,2.369,0.231,lose
BNBUSDT,SELL,BUY,25246,25247,571.22,587.42,41,3.743,0.13,2.836,win
BNBUSDT,BUY,SELL,25286,25287,588.98,578.8,49,2.088,0.003,1.728,win
BNBUSDT,SELL,BUY,25334,25335,577.82,574.44,176,1.67,2.984,-0.585,lose
BNBUSDT,SELL,BUY,25771,25772,572.36,581.52,51,2.221,0.37,1.6,win
BNBUSDT,BUY,SELL,25821,25822,582.76,578.71,45,1.654,0.079,0.695,lose
BNBUSDT,SELL,BUY,25865,25866,574.13,580.82,151,1.458,2.022,1.165,lose
BNBUSDT,BUY,SELL,26015,26016,579.92,576.3,212,0.936,1.107,0.624,lose
BNBUSDT,BUY,SELL,26411,26412,570.49,566.4,160,1.311,0.687,0.717,lose
BNBUSDT,SELL,BUY,26570,26571,566.6,573.11,42,1.603,0.344,1.149,lose
BNBUSDT,SELL,BUY,26754,26755,569.69,568.31,333,1.078,2.382,-0.242,lose
BNBUSDT,BUY,SELL,27086,27087,567.63,566.37,220,0.43,1.756,0.222,lose
BNBUSDT,SELL,BUY,27305,27306,566.56,572.19,100,1.684,0.718,0.994,lose
BNBUSDT,BUY,SELL,27404,27405,573.38,582.65,327,1.371,4.05,-1.617,lose
BNBUSDT,BUY,SELL,27805,27806,585.26,593.95,373,0.654,3.557,-1.485,lose
BNBUSDT,SELL,BUY,28177,28178,594.34,593.73,206,0.739,1.471,-0.103,lose
BNBUSDT,SELL,BUY,28909,28910,607.59,611.85,145,0.933,0.739,0.701,lose
BNBUSDT,SELL,BUY,29135,29136,607.67,612.83,343,0.877,1.233,0.849,lose
BNBUSDT,SELL,BUY,29823,29824,683.8,706.74,64,3.371,0.409,3.355,win
BNBUSDT,BUY,SELL,29886,29887,704.28,709.88,113,1.569,1.864,-0.795,lose
BTCUSDT,BUY,SELL,281,282,107730.6,107845.2,163,0.388,3.638,-0.106,lose
BTCUSDT,SELL,BUY,443,444,108181.9,113267.0,45,4.72,0.723,4.701,win
BTCUSDT,SELL,BUY,525,526,107930.1,109330.0,147,2.173,1.454,1.297,win
BTCUSDT,BUY,SELL,1433,1434,110375.7,108207.5,255,2.243,0.777,1.964,win
BTCUSDT,BUY,SELL,2139,2140,103145.0,101914.2,148,1.789,0.897,1.193,lose
BTCUSDT,BUY,SELL,3200,3201,92591.1,90913.6,36,2.835,0.874,1.812,win
BTCUSDT,BUY,SELL,3317,3318,92556.0,87855.5,56,5.517,0.642,5.079,win
BTCUSDT,SELL,BUY,3925,3926,86916.1,90297.0,30,3.965,0.754,3.89,win
BTCUSDT,BUY,SELL,5012,5013,91337.3,90232.6,88,2.679,1.013,1.209,win
BTCUSDT,SELL,BUY,5099,5100,90249.7,94203.7,97,4.482,0.976,4.381,win
BTCUSDT,BUY,SELL,5409,5410,92823.6,89996.8,76,3.657,0.372,3.045,win
BTCUSDT,SELL,BUY,5484,5485,89602.7,87728.6,405,1.133,5.055,-2.092,lose
BTCUSDT,BUY,SELL,6051,6052,88488.4,85469.8,38,4.611,0.954,3.411,win
BTCUSDT,SELL,BUY,6484,6485,88229.0,88287.7,248,0.414,2.124,0.067,lose
BTCUSDT,SELL,BUY,6826,6827,86980.1,87830.0,164,1.123,0.253,0.977,lose
BTCUSDT,BUY,SELL,6989,6990,87771.1,87743.6,105,0.42,2.965,0.031,lose
BTCUSDT,SELL,BUY,7093,7094,87747.2,88918.9,117,1.571,1.125,1.335,lose
BTCUSDT,SELL,BUY,7311,7312,87588.4,88347.0,114,1.013,0.456,0.866,lose
BTCUSDT,SELL,BUY,7890,7891,91784.2,91074.7,467,2.223,2.77,-0.773,win
BTCUSDT,BUY,SELL,8356,8357,90987.1,90888.0,98,1.012,1.65,0.109,lose
BTCUSDT,BUY,SELL,8520,8521,91908.8,95545.3,249,0.227,6.554,-3.957,lose
BTCUSDT,SELL,BUY,8768,8769,95453.9,90486.3,757,0.402,8.641,-5.204,lose
BTCUSDT,SELL,BUY,9610,9611,89207.3,88584.1,236,0.266,3.571,-0.699,lose
BTCUSDT,BUY,SELL,9845,9846,88785.7,88124.9,199,1.712,2.035,0.744,lose
BTCUSDT,BUY,SELL,10539,10540,78846.7,74882.4,38,5.076,0.257,5.028,win
BTCUSDT,SELL,BUY,11127,11128,68832.9,68686.8,401,3.272,5.451,-0.212,win
BTCUSDT,BUY,SELL,11527,11528,68864.1,68858.7,192,0.783,3.012,0.008,lose
BTCUSDT,BUY,SELL,12167,12168,67910.6,67756.1,225,2.212,1.143,0.228,win
BTCUSDT,SELL,BUY,12391,12392,67574.2,66206.6,235,0.334,7.655,-2.024,lose
BTCUSDT,BUY,SELL,15164,15165,70680.5,69149.4,115,2.273,1.569,2.166,win
BTCUSDT,BUY,SELL,15331,15332,71195.8,69893.1,103,2.069,1.129,1.83,win
BTCUSDT,BUY,SELL,15659,15660,67038.9,66543.3,267,3.163,1.996,0.739,win
BTCUSDT,SELL,BUY,15925,15926,66329.4,68271.4,51,3.423,0.188,2.928,win
BTCUSDT,SELL,BUY,16088,16089,66571.4,67170.0,233,1.245,1.345,0.899,lose
BTCUSDT,BUY,SELL,16320,16321,67209.9,66802.2,96,0.944,0.513,0.607,lose
BTCUSDT,SELL,BUY,16602,16603,68243.0,71479.9,43,4.773,0.78,4.743,win
BTCUSDT,SELL,BUY,18146,18147,77483.0,77957.0,261,1.504,0.752,0.612,lose
BTCUSDT,BUY,SELL,18406,18407,77967.4,77763.4,103,0.717,1.908,0.262,lose
BTCUSDT,SELL,BUY,18508,18509,77575.5,77254.7,181,0.846,2.501,-0.414,lose
BTCUSDT,BUY,SELL,18688,18689,77203.3,75859.1,44,2.008,0.868,1.741,win
BTCUSDT,SELL,BUY,18731,18732,75810.0,77116.9,141,2.125,1.243,1.724,win
BTCUSDT,SELL,BUY,19958,19959,80542.3,81245.6,211,0.904,2.27,0.873,lose
BTCUSDT,BUY,SELL,20168,20169,80979.9,79226.1,90,2.927,1.258,2.166,win
BTCUSDT,SELL,BUY,20257,20258,78727.8,77450.0,464,1.022,3.447,-1.623,lose
BTCUSDT,BUY,SELL,20720,20721,77478.3,76756.5,217,1.227,0.906,0.932,lose
BTCUSDT,SELL,BUY,21270,21271,76530.0,73839.9,434,2.022,5.35,-3.515,win
BTCUSDT,BUY,SELL,21703,21704,73908.6,73160.0,156,1.087,0.462,1.013,lose
BTCUSDT,SELL,BUY,22661,22662,61511.6,62754.5,157,2.293,1.333,2.021,win
BTCUSDT,BUY,SELL,22817,22818,62581.7,63770.3,342,0.426,3.446,-1.899,lose
BTCUSDT,SELL,BUY,23366,23367,65730.4,63372.3,302,1.048,5.322,-3.588,lose
BTCUSDT,SELL,BUY,24193,24194,58248.4,60589.0,196,4.267,0.0,4.018,win
BTCUSDT,BUY,SELL,24777,24778,60118.6,61614.7,469,0.937,6.441,-2.489,lose
BTCUSDT,SELL,BUY,25245,25246,61733.6,63774.0,23,3.635,0.707,3.305,win
BTCUSDT,BUY,SELL,25522,25523,62979.6,63749.0,274,0.875,2.7,-1.222,lose
BTCUSDT,SELL,BUY,25795,25796,63638.6,63930.0,220,1.215,2.88,0.458,lose
BTCUSDT,BUY,SELL,26327,26328,64059.9,64329.1,252,0.505,1.6,-0.42,lose
BTCUSDT,SELL,BUY,26578,26579,64258.6,65332.4,30,2.224,0.349,1.671,win
BTCUSDT,BUY,SELL,27105,27106,64318.6,63765.6,197,1.169,2.183,0.86,lose
BTCUSDT,SELL,BUY,27907,27908,62764.9,63750.2,37,1.904,0.791,1.57,lose
BTCUSDT,BUY,SELL,27943,27944,63678.5,64219.1,343,0.61,2.11,-0.849,lose
BTCUSDT,SELL,BUY,28285,28286,64225.8,64999.8,27,1.498,0.134,1.205,lose
BTCUSDT,BUY,SELL,28311,28312,65055.0,64795.0,163,0.868,0.466,0.4,lose
BTCUSDT,BUY,SELL,28513,28514,65195.0,64529.9,101,1.093,0.441,1.02,lose
BTCUSDT,BUY,SELL,28794,28795,64230.5,63512.3,20,1.463,0.342,1.118,lose
BTCUSDT,SELL,BUY,28813,28814,63462.3,63260.6,383,0.833,1.541,-0.318,lose
BTCUSDT,BUY,SELL,29195,29196,63294.8,62874.8,29,0.97,0.119,0.664,lose
BTCUSDT,BUY,SELL,29247,29248,63460.0,76091.0,579,0.323,25.363,-19.904,lose
DOGEUSDT,BUY,SELL,209,210,0.1899,0.1936,238,2.085,6.582,-1.943,win
DOGEUSDT,SELL,BUY,446,447,0.1934,0.2043,43,6.298,0.719,5.662,win
DOGEUSDT,BUY,SELL,1478,1479,0.1861,0.1825,164,2.048,1.457,1.935,win
DOGEUSDT,SELL,BUY,1641,1642,0.1834,0.1664,338,1.827,17.393,-9.217,lose
DOGEUSDT,BUY,SELL,1978,1979,0.1671,0.1588,46,4.987,0.174,4.921,win
DOGEUSDT,BUY,SELL,2595,2596,0.1778,0.1689,12,5.614,0.028,4.978,win
DOGEUSDT,BUY,SELL,2666,2667,0.1758,0.1638,41,7.212,1.035,6.825,win
DOGEUSDT,BUY,SELL,3325,3326,0.1584,0.1483,52,6.939,0.852,6.351,win
DOGEUSDT,SELL,BUY,3376,3377,0.148,0.1436,237,3.418,10.051,-2.965,win
DOGEUSDT,SELL,BUY,3848,3849,0.1483,0.1563,106,5.538,0.492,5.423,win
DOGEUSDT,SELL,BUY,4081,4082,0.1502,0.1402,435,3.529,12.339,-6.672,win
DOGEUSDT,BUY,SELL,6970,6971,0.1241,0.1245,140,1.362,3.134,-0.298,lose
DOGEUSDT,SELL,BUY,7109,7110,0.1236,0.1203,269,1.44,6.705,-2.685,lose
DOGEUSDT,BUY,SELL,9346,9347,0.1281,0.1252,79,3.858,0.07,2.226,win
DOGEUSDT,BUY,SELL,10475,10476,0.1097,0.1033,192,6.811,0.793,5.845,win
DOGEUSDT,BUY,SELL,11416,11417,0.0939,0.105,313,3.482,25.229,-11.8,win
DOGEUSDT,BUY,SELL,12475,12476,0.0967,0.0928,31,4.466,0.868,4.084,win
DOGEUSDT,BUY,SELL,13162,13163,0.097,0.0919,61,6.059,0.721,5.276,win
DOGEUSDT,BUY,SELL,13830,13831,0.0915,0.0916,156,1.562,9.724,-0.131,lose
DOGEUSDT,SELL,BUY,13985,13986,0.0916,0.0953,123,4.574,0.611,4.039,win
DOGEUSDT,SELL,BUY,14267,14268,0.0959,0.0958,97,1.511,2.085,-0.146,lose
DOGEUSDT,BUY,SELL,14363,14364,0.0958,0.097,318,1.482,9.006,-1.273,lose
DOGEUSDT,BUY,SELL,15169,15170,0.0942,0.0942,252,1.953,3.981,-0.021,lose
DOGEUSDT,SELL,BUY,16385,16386,0.0907,0.0933,75,3.155,1.147,2.868,win
DOGEUSDT,BUY,SELL,16459,16460,0.0931,0.0905,93,3.533,0.505,2.803,win
DOGEUSDT,SELL,BUY,16752,16753,0.0914,0.0942,75,3.218,0.547,3.109,win
DOGEUSDT,BUY,SELL,16826,16827,0.0939,0.0913,216,3.57,1.513,2.749,win
DOGEUSDT,SELL,BUY,17041,17042,0.091,0.0928,169,2.439,0.857,1.945,win
DOGEUSDT,BUY,SELL,17890,17891,0.0958,0.0973,648,2.442,5.217,-1.565,win
DOGEUSDT,SELL,BUY,18738,18739,0.1018,0.1069,33,6.403,0.913,4.979,win
DOGEUSDT,BUY,SELL,18770,18771,0.107,0.1122,664,2.506,9.612,-4.928,win
DOGEUSDT,SELL,BUY,19736,19737,0.1084,0.1109,58,2.49,0.59,2.296,win
DOGEUSDT,BUY,SELL,19793,19794,0.1109,0.1118,473,4.212,6.963,-0.875,win
DOGEUSDT,SELL,BUY,20265,20266,0.1115,0.1117,172,2.027,3.471,0.143,win
DOGEUSDT,BUY,SELL,20436,20437,0.1117,0.1069,57,5.981,0.976,4.289,win
DOGEUSDT,BUY,SELL,20791,20792,0.1057,0.104,167,2.923,0.955,1.655,win
DOGEUSDT,SELL,BUY,21263,21264,0.1009,0.1006,385,2.863,4.488,-0.357,win
DOGEUSDT,BUY,SELL,21647,21648,0.1004,0.0993,158,1.454,1.354,1.105,lose
DOGEUSDT,SELL,BUY,21804,21805,0.0993,0.0831,623,2.245,21.851,-16.353,win
DOGEUSDT,BUY,SELL,22835,22836,0.085,0.0863,176,0.988,8.776,-1.518,lose
DOGEUSDT,SELL,BUY,23010,23011,0.0861,0.0885,27,3.066,0.07,2.822,win
DOGEUSDT,SELL,BUY,23138,23139,0.0864,0.0884,36,3.138,0.857,2.397,win
DOGEUSDT,BUY,SELL,23173,23174,0.0883,0.087,118,1.834,2.864,1.551,lose
DOGEUSDT,BUY,SELL,24341,24342,0.0759,0.0745,77,2.003,0.712,1.858,win
DOGEUSDT,BUY,SELL,24777,24778,0.0733,0.0761,333,2.318,8.223,-3.818,win
DOGEUSDT,BUY,SELL,25187,25188,0.0785,0.0752,62,5.289,0.421,4.116,win
DOGEUSDT,SELL,BUY,25248,25249,0.0749,0.074,338,4.524,5.324,-1.241,win
DOGEUSDT,SELL,BUY,25770,25771,0.0727,0.0739,247,2.036,2.518,1.623,win
DOGEUSDT,BUY,SELL,26662,26663,0.0732,0.0724,102,1.504,0.984,1.08,lose
DOGEUSDT,SELL,BUY,26763,26764,0.0724,0.0707,316,1.519,6.008,-2.348,lose
DOGEUSDT,BUY,SELL,27803,27804,0.0701,0.0692,113,1.669,1.94,1.227,lose
DOGEUSDT,SELL,BUY,27915,27916,0.069,0.0704,81,2.362,0.072,2.014,win
DOGEUSDT,BUY,SELL,27995,27996,0.0703,0.0698,192,1.564,0.498,0.81,lose
DOGEUSDT,BUY,SELL,28320,28321,0.0701,0.07,151,1.098,2.053,0.2,lose
DOGEUSDT,SELL,BUY,28470,28471,0.0698,0.0706,77,1.589,0.014,1.131,lose
DOGEUSDT,SELL,BUY,28560,28561,0.0697,0.0707,143,1.736,0.474,1.406,lose
DOGEUSDT,BUY,SELL,29247,29248,0.0702,0.089,731,0.869,44.028,-26.853,lose
ETHUSDT,BUY,SELL,489,490,4080.41,3874.48,41,6.495,0.686,5.047,win
ETHUSDT,BUY,SELL,1479,1480,3853.87,3753.57,207,2.931,1.638,2.603,win
ETHUSDT,SELL,BUY,2028,2029,3259.71,3445.21,108,5.807,2.049,5.691,win
ETHUSDT,BUY,SELL,2135,2136,3426.63,3388.68,135,2.14,1.849,1.108,win
ETHUSDT,SELL,BUY,2269,2270,3373.08,3521.45,39,5.636,0.062,4.399,win
ETHUSDT,BUY,SELL,2585,2586,3548.24,3400.16,22,5.023,1.099,4.173,win
ETHUSDT,BUY,SELL,4325,4326,3036.64,2863.63,39,5.784,0.389,5.697,win
ETHUSDT,BUY,SELL,5751,5752,3158.6,3009.48,18,5.496,0.013,4.721,win
ETHUSDT,SELL,BUY,6829,6830,2908.36,2945.24,169,1.77,0.075,1.268,lose
ETHUSDT,BUY,SELL,6997,6998,2941.99,2926.66,102,1.136,3.875,0.521,lose
ETHUSDT,SELL,BUY,7098,7099,2918.77,2978.2,114,3.08,0.349,2.036,win
ETHUSDT,BUY,SELL,7211,7212,2990.5,3212.1,753,1.646,10.617,-7.41,lose
ETHUSDT,BUY,SELL,8350,8351,3113.84,3107.98,152,1.686,1.832,0.188,lose
ETHUSDT,SELL,BUY,8795,8796,3296.49,3328.13,142,0.962,1.367,0.96,lose
ETHUSDT,BUY,SELL,9798,9799,2943.77,2954.83,255,1.999,3.439,-0.376,lose
ETHUSDT,BUY,SELL,11158,11159,2124.85,2012.23,49,6.061,1.089,5.3,win
ETHUSDT,SELL,BUY,11206,11207,2010.18,2032.51,322,1.98,5.791,1.111,lose
ETHUSDT,BUY,SELL,12277,12278,1973.29,1949.63,112,1.574,1.183,1.199,lose
ETHUSDT,SELL,BUY,13090,13091,1944.79,2057.43,73,6.761,1.614,5.792,win
ETHUSDT,BUY,SELL,13162,13163,2069.37,1948.81,73,6.348,0.949,5.826,win
ETHUSDT,SELL,BUY,13234,13235,1946.35,2083.19,94,7.282,1.029,7.031,win
ETHUSDT,SELL,BUY,16392,16393,2035.02,2107.23,63,4.078,0.708,3.548,win
ETHUSDT,SELL,BUY,16777,16778,2179.97,2232.99,121,3.036,1.1,2.432,win
ETHUSDT,SELL,BUY,17333,17334,2323.71,2350.86,92,2.623,0.728,1.168,win
ETHUSDT,BUY,SELL,17882,17883,2330.51,2342.37,224,2.132,3.969,-0.509,win
ETHUSDT,SELL,BUY,18501,18502,2319.4,2327.84,188,0.981,2.732,0.364,lose
ETHUSDT,BUY,SELL,19641,19642,2314.24,2310.15,280,0.92,2.923,0.177,lose
ETHUSDT,BUY,SELL,20047,20048,2317.27,2256.51,23,2.989,0.233,2.622,win
ETHUSDT,BUY,SELL,20173,20174,2315.13,2256.63,63,3.407,0.15,2.527,win
ETHUSDT,SELL,BUY,20235,20236,2253.0,2135.71,528,0.47,7.933,-5.206,lose
ETHUSDT,BUY,SELL,20762,20763,2139.28,2119.54,71,1.672,0.828,0.923,lose
ETHUSDT,SELL,BUY,20832,20833,2105.78,2076.1,216,2.232,4.691,-1.409,win
ETHUSDT,SELL,BUY,21270,21271,2084.61,2039.15,345,2.641,5.715,-2.181,win
ETHUSDT,SELL,BUY,21803,21804,2006.09,1617.47,632,0.807,25.048,-19.372,lose
ETHUSDT,SELL,BUY,22668,22669,1627.79,1686.21,200,4.029,1.581,3.589,win
ETHUSDT,BUY,SELL,22867,22868,1680.16,1663.99,283,1.725,1.068,0.962,lose
ETHUSDT,SELL,BUY,23149,23150,1660.7,1720.03,21,4.293,0.158,3.573,win
ETHUSDT,SELL,BUY,23294,23295,1761.46,1724.32,392,4.433,5.16,-2.108,win
ETHUSDT,SELL,BUY,24193,24194,1537.0,1594.46,195,4.01,1.7,3.738,win
ETHUSDT,SELL,BUY,24455,24456,1570.38,1618.26,140,4.255,1.489,3.049,win
ETHUSDT,BUY,SELL,24594,24595,1627.7,1577.88,71,3.265,0.006,3.061,win
ETHUSDT,SELL,BUY,24664,24665,1580.09,1621.84,112,3.204,1.957,2.642,win
ETHUSDT,BUY,SELL,24775,24776,1623.1,1753.22,629,1.661,12.932,-8.017,lose
ETHUSDT,SELL,BUY,25403,25404,1756.44,1775.4,190,1.306,2.504,1.079,lose
ETHUSDT,SELL,BUY,25773,25774,1788.23,1817.85,70,2.123,0.056,1.656,win
ETHUSDT,BUY,SELL,25842,25843,1816.54,1778.68,45,2.452,1.732,2.084,win
ETHUSDT,SELL,BUY,25886,25887,1783.7,1857.73,128,4.667,2.001,4.15,win
ETHUSDT,SELL,BUY,26196,26197,1887.39,1858.4,231,0.363,4.5,-1.536,lose
ETHUSDT,BUY,SELL,26426,26427,1858.75,1902.9,457,0.91,5.38,-2.375,lose
ETHUSDT,SELL,BUY,27302,27303,1889.76,1922.75,90,2.04,1.796,1.746,win
ETHUSDT,BUY,SELL,27391,27392,1919.4,1882.34,241,2.56,0.895,1.931,win
ETHUSDT,SELL,BUY,27631,27632,1883.46,1877.62,169,0.332,3.337,-0.31,lose
ETHUSDT,BUY,SELL,27799,27800,1875.01,1842.76,113,1.944,1.253,1.72,lose
ETHUSDT,SELL,BUY,27911,27912,1844.19,1861.13,122,2.035,0.922,0.919,win
ETHUSDT,BUY,SELL,28785,28786,1905.1,1881.95,57,1.737,1.043,1.215,lose
ETHUSDT,SELL,BUY,28841,28842,1878.79,1886.45,358,1.108,0.888,0.408,lose
ETHUSDT,BUY,SELL,29198,29199,1887.22,2413.94,572,1.018,35.088,-27.91,lose
ETHUSDT,BUY,SELL,29885,29886,2449.22,2487.85,114,1.069,3.41,-1.577,lose
LINKUSDT,SELL,BUY,1097,1098,18.206,17.336,425,3.34,10.409,-4.779,win
LINKUSDT,SELL,BUY,2030,2031,14.388,15.88,98,10.405,0.612,10.37,win
LINKUSDT,SELL,BUY,2260,2261,15.195,15.801,54,4.883,1.204,3.988,win
LINKUSDT,BUY,SELL,2585,2586,16.107,15.144,21,6.469,0.851,5.979,win
LINKUSDT,BUY,SELL,3207,3208,13.802,13.318,29,5.036,0.254,3.507,win
LINKUSDT,SELL,BUY,3374,3375,12.837,12.506,236,3.887,9.621,-2.578,win
LINKUSDT,BUY,SELL,4929,4930,13.958,13.382,69,5.66,0.509,4.127,win
LINKUSDT,BUY,SELL,5194,5195,14.726,13.815,133,6.893,1.901,6.186,win
LINKUSDT,SELL,BUY,6337,6338,12.244,12.632,84,4.035,0.147,3.169,win
LINKUSDT,BUY,SELL,6791,6792,12.454,12.229,40,3.348,0.321,1.807,win
LINKUSDT,SELL,BUY,6830,6831,12.153,12.382,117,2.822,0.214,1.884,win
LINKUSDT,BUY,SELL,6946,6947,12.433,12.372,155,1.576,4.842,0.491,lose
LINKUSDT,SELL,BUY,7100,7101,12.367,12.448,313,1.868,1.819,0.655,lose
LINKUSDT,BUY,SELL,9376,9377,12.485,12.232,61,2.964,0.104,2.026,win
LINKUSDT,SELL,BUY,9436,9437,12.205,11.879,385,2.376,6.964,-2.671,win
LINKUSDT,BUY,SELL,10477,10478,9.919,9.254,101,6.704,0.524,6.704,win
LINKUSDT,SELL,BUY,11121,11122,8.598,8.886,42,4.838,1.628,3.35,win
LINKUSDT,BUY,SELL,11162,11163,8.963,8.536,46,5.456,0.011,4.764,win
LINKUSDT,SELL,BUY,11207,11208,8.542,8.703,322,3.266,4.917,1.885,win
LINKUSDT,BUY,SELL,12202,12203,8.89,8.709,185,2.283,1.879,2.036,win
LINKUSDT,SELL,BUY,13086,13087,8.574,9.135,77,7.523,0.117,6.543,win
LINKUSDT,BUY,SELL,13162,13163,9.194,8.638,71,6.559,0.805,6.047,win
LINKUSDT,SELL,BUY,13232,13233,8.636,9.246,96,7.642,0.973,7.063,win
LINKUSDT,BUY,SELL,16342,16343,8.763,8.559,48,3.058,0.171,2.328,win
LINKUSDT,SELL,BUY,16389,16390,8.548,8.887,69,4.516,0.901,3.966,win
LINKUSDT,SELL,BUY,17042,17043,8.796,9.018,167,2.717,1.342,2.524,win
LINKUSDT,SELL,BUY,17309,17310,9.0,9.261,87,3.022,0.289,2.9,win
LINKUSDT,BUY,SELL,17395,17396,9.233,9.404,258,1.202,6.845,-1.852,lose
LINKUSDT,BUY,SELL,17883,17884,9.337,9.26,211,1.778,2.346,0.825,lose
LINKUSDT,SELL,BUY,18093,18094,9.287,9.359,103,1.12,1.594,0.775,lose
LINKUSDT,BUY,SELL,18195,18196,9.339,9.286,165,1.06,1.114,0.568,lose
LINKUSDT,SELL,BUY,18359,18360,9.292,9.433,56,1.668,0.075,1.517,lose
LINKUSDT,BUY,SELL,18414,18415,9.422,9.302,91,1.38,1.762,1.274,lose
LINKUSDT,SELL,BUY,18729,18730,9.09,9.231,186,2.046,2.046,1.551,win
LINKUSDT,BUY,SELL,18914,18915,9.249,9.109,51,2.033,0.119,1.514,win
LINKUSDT,SELL,BUY,18964,18965,9.103,9.207,77,1.659,0.472,1.142,lose
LINKUSDT,BUY,SELL,19040,19041,9.209,9.088,29,1.488,0.141,1.314,lose
LINKUSDT,SELL,BUY,19068,19069,9.088,9.27,87,2.311,0.275,2.003,win
LINKUSDT,SELL,BUY,19531,19532,9.868,10.293,70,4.651,1.084,4.307,win
LINKUSDT,SELL,BUY,20069,20070,10.208,10.756,101,5.496,1.734,5.368,win
LINKUSDT,BUY,SELL,20609,20610,9.745,9.442,66,3.232,0.78,3.109,win
LINKUSDT,SELL,BUY,20674,20675,9.462,9.667,105,2.367,0.951,2.167,win
LINKUSDT,BUY,SELL,20778,20779,9.656,9.496,176,3.003,3.884,1.657,win
LINKUSDT,BUY,SELL,21221,21222,9.609,9.378,50,2.654,0.614,2.404,win
LINKUSDT,SELL,BUY,21270,21271,9.358,9.185,379,3.462,6.551,-1.849,win
LINKUSDT,SELL,BUY,21806,21807,9.026,7.561,618,2.127,22.59,-16.231,win
LINKUSDT,BUY,SELL,22842,22843,7.836,7.834,300,1.978,2.82,0.026,lose
LINKUSDT,SELL,BUY,23141,23142,7.826,8.121,31,4.204,0.601,3.769,win
LINKUSDT,SELL,BUY,23414,23415,8.139,7.984,382,2.801,4.644,-1.904,win
LINKUSDT,BUY,SELL,23795,23796,7.993,7.805,52,2.79,0.013,2.352,win
LINKUSDT,SELL,BUY,23846,23847,7.801,8.099,54,4.115,0.5,3.82,win
LINKUSDT,SELL,BUY,24193,24194,7.024,7.35,143,5.339,0.214,4.641,win
LINKUSDT,SELL,BUY,24439,24440,7.296,7.448,158,2.782,1.974,2.083,win
LINKUSDT,BUY,SELL,24596,24597,7.463,7.278,64,2.961,0.228,2.479,win
LINKUSDT,SELL,BUY,24659,24660,7.275,7.416,119,2.557,2.818,1.938,win
LINKUSDT,BUY,SELL,24777,24778,7.411,7.884,335,1.484,10.296,-6.382,lose
LINKUSDT,SELL,BUY,25111,25112,7.878,8.083,77,3.44,0.559,2.602,win
LINKUSDT,SELL,BUY,25253,25254,7.854,7.748,300,4.049,4.291,-1.35,win
LINKUSDT,BUY,SELL,25552,25553,7.757,7.896,219,0.696,4.641,-1.792,lose
LINKUSDT,SELL,BUY,25770,25771,7.89,8.067,80,2.674,0.456,2.243,win
LINKUSDT,BUY,SELL,25849,25850,8.074,7.911,66,2.626,0.743,2.019,win
LINKUSDT,SELL,BUY,25914,25915,7.93,8.296,101,5.044,1.791,4.615,win
LINKUSDT,BUY,SELL,26426,26427,8.34,8.543,432,0.731,5.036,-2.434,lose
LINKUSDT,SELL,BUY,27931,27932,8.175,8.279,312,2.006,1.382,1.272,win
NEARUSDT,BUY,SELL,1533,1534,2.175,2.039,156,6.437,1.241,6.253,win
NEARUSDT,BUY,SELL,1939,1940,1.938,2.76,511,2.683,64.293,-42.415,win
NEARUSDT,SELL,BUY,3823,3824,1.84,1.942,137,6.467,1.359,5.543,win
NEARUSDT,BUY,SELL,3959,3960,1.943,1.875,125,4.014,0.566,3.5,win
NEARUSDT,BUY,SELL,5887,5888,1.59,1.474,86,7.547,1.447,7.296,win
NEARUSDT,BUY,SELL,6685,6686,1.509,1.436,78,5.235,0.133,4.838,win
NEARUSDT,BUY,SELL,9922,9923,1.491,1.449,132,3.823,0.671,2.817,win
NEARUSDT,SELL,BUY,11208,11209,0.997,0.998,202,1.103,5.918,0.1,lose
NEARUSDT,BUY,SELL,11409,11410,0.996,0.949,35,6.325,1.506,4.719,win
NEARUSDT,SELL,BUY,11443,11444,0.948,0.999,82,6.224,0.949,5.38,win
NEARUSDT,BUY,SELL,11524,11525,0.999,1.039,213,0.601,10.31,-4.004,lose
NEARUSDT,BUY,SELL,13731,13732,1.23,1.315,544,3.496,15.61,-6.911,win
NEARUSDT,SELL,BUY,14274,14275,1.316,1.351,82,3.04,1.368,2.66,win
NEARUSDT,BUY,SELL,15187,15188,1.302,1.281,147,2.919,2.074,1.613,win
NEARUSDT,BUY,SELL,15949,15950,1.195,1.163,138,3.347,2.845,2.678,win
NEARUSDT,SELL,BUY,16086,16087,1.161,1.199,110,3.876,1.981,3.273,win
NEARUSDT,SELL,BUY,16556,16557,1.239,1.305,86,6.053,1.533,5.327,win
NEARUSDT,SELL,BUY,17050,17051,1.338,1.388,107,4.036,1.121,3.737,win
NEARUSDT,SELL,BUY,17300,17301,1.366,1.391,78,2.562,1.83,1.83,win
NEARUSDT,BUY,SELL,17935,17936,1.379,1.38,175,2.175,3.771,-0.073,win
NEARUSDT,BUY,SELL,18211,18212,1.414,1.391,148,1.909,1.273,1.627,lose
NEARUSDT,SELL,BUY,18358,18359,1.391,1.368,333,1.582,4.529,-1.653,lose
NEARUSDT,SELL,BUY,19831,19832,1.526,1.575,124,5.177,1.507,3.211,win
NEARUSDT,BUY,SELL,19954,19955,1.602,1.576,148,5.556,5.493,1.623,win
NEARUSDT,SELL,BUY,20101,20102,1.575,1.532,324,3.683,6.286,-2.73,win
NEARUSDT,BUY,SELL,25187,25188,2.034,1.886,207,7.325,3.638,7.276,win
NEARUSDT,SELL,BUY,26701,26702,1.938,1.834,509,0.722,8.359,-5.366,lose
NEARUSDT,SELL,BUY,28088,28089,1.699,1.628,430,1.825,7.357,-4.179,lose
NEARUSDT,SELL,BUY,28633,28634,1.605,1.624,114,1.308,4.299,1.184,lose
NEARUSDT,BUY,SELL,29038,29039,1.65,1.61,97,2.424,1.152,2.424,win
NEARUSDT,SELL,BUY,29408,29409,1.592,1.648,70,3.643,1.884,3.518,win
SOLUSDT,SELL,BUY,1179,1180,193.11,200.25,69,4.428,1.6,3.697,win
SOLUSDT,BUY,SELL,1944,1945,163.05,157.76,92,5.704,0.509,3.244,win
SOLUSDT,BUY,SELL,3315,3316,142.94,131.84,59,8.311,1.287,7.765,win
SOLUSDT,SELL,BUY,3373,3374,132.53,130.61,239,3.063,8.685,-1.449,win
SOLUSDT,BUY,SELL,4330,4331,138.78,128.6,34,7.407,0.728,7.335,win
SOLUSDT,SELL,BUY,5129,5130,133.18,143.14,67,7.839,1.246,7.479,win
SOLUSDT,SELL,BUY,5484,5485,131.86,131.59,475,2.685,6.317,-0.205,win
SOLUSDT,BUY,SELL,5958,5959,133.39,121.64,18,9.109,0.045,8.809,win
SOLUSDT,SELL,BUY,5975,5976,121.91,124.31,147,5.816,4.265,1.969,win
SOLUSDT,BUY,SELL,6433,6434,126.96,124.87,85,2.662,1.402,1.646,win
SOLUSDT,BUY,SELL,6739,6740,123.76,119.52,24,3.725,0.323,3.426,win
SOLUSDT,BUY,SELL,6813,6814,123.93,123.71,286,2.873,5.067,0.178,win
SOLUSDT,SELL,BUY,7098,7099,123.58,125.47,154,2.355,1.157,1.529,win
SOLUSDT,BUY,SELL,8098,8099,139.92,135.9,106,3.616,0.872,2.873,win
SOLUSDT,SELL,BUY,8203,8204,135.93,139.16,154,2.56,0.463,2.376,win
SOLUSDT,BUY,SELL,8869,8870,144.87,142.18,111,2.119,0.193,1.857,win
SOLUSDT,SELL,BUY,8979,8980,142.41,130.89,364,0.548,12.752,-8.089,lose
SOLUSDT,SELL,BUY,9421,9422,127.81,124.23,394,1.831,8.458,-2.801,lose
SOLUSDT,SELL,BUY,10039,10040,122.78,87.88,824,0.937,45.195,-28.425,lose
SOLUSDT,SELL,BUY,11118,11119,84.49,87.93,44,4.935,1.977,4.071,win
SOLUSDT,BUY,SELL,11527,11528,83.61,85.28,210,0.921,9.066,-1.997,lose
SOLUSDT,SELL,BUY,11736,11737,85.27,86.38,138,2.803,3.237,1.302,win
SOLUSDT,BUY,SELL,11873,11874,86.16,83.35,39,3.83,0.696,3.261,win
SOLUSDT,SELL,BUY,11911,11912,83.4,83.27,261,3.165,4.592,-0.156,win
SOLUSDT,BUY,SELL,13828,13829,85.58,85.15,252,1.531,3.739,0.502,lose
SOLUSDT,BUY,SELL,14112,14113,86.91,87.88,141,2.163,7.444,-1.116,win
SOLUSDT,BUY,SELL,14368,14369,88.43,90.37,317,1.267,10.426,-2.194,lose
SOLUSDT,BUY,SELL,14953,14954,90.1,87.21,66,4.351,0.289,3.208,win
SOLUSDT,BUY,SELL,15165,15166,90.18,89.11,118,1.73,2.284,1.187,lose
SOLUSDT,BUY,SELL,15808,15809,83.57,80.43,116,4.403,1.687,3.757,win
SOLUSDT,BUY,SELL,16239,16240,80.08,79.59,156,0.974,1.948,0.612,lose
SOLUSDT,SELL,BUY,16394,16395,79.57,82.73,66,4.248,1.408,3.971,win
SOLUSDT,SELL,BUY,16553,16554,79.96,82.06,83,3.027,2.076,2.626,win
SOLUSDT,SELL,BUY,17044,17045,82.59,83.82,166,1.986,1.647,1.489,lose
SOLUSDT,SELL,BUY,17650,17651,87.09,85.35,244,0.126,4.96,-1.998,lose
SOLUSDT,BUY,SELL,17893,17894,85.67,85.76,209,1.646,4.226,-0.105,lose
SOLUSDT,BUY,SELL,18318,18319,86.6,85.55,41,1.293,0.173,1.212,lose
SOLUSDT,BUY,SELL,18448,18449,86.43,85.3,58,1.539,1.909,1.307,lose
SOLUSDT,SELL,BUY,18505,18506,85.21,84.59,188,0.704,2.699,-0.728,lose
SOLUSDT,BUY,SELL,18692,18693,84.7,83.14,40,2.113,0.98,1.842,win
SOLUSDT,SELL,BUY,18731,18732,83.1,84.01,150,1.528,2.154,1.095,lose
SOLUSDT,BUY,SELL,18880,18881,84.1,95.02,1090,1.094,16.956,-12.985,lose
SOLUSDT,SELL,BUY,19969,19970,94.67,92.98,205,1.373,5.218,-1.785,lose
SOLUSDT,BUY,SELL,20173,20174,93.27,90.63,80,3.281,0.354,2.83,win
SOLUSDT,BUY,SELL,20751,20752,86.75,84.83,203,3.274,1.464,2.213,win
SOLUSDT,BUY,SELL,21648,21649,82.69,81.53,157,1.584,0.822,1.403,lose
SOLUSDT,SELL,BUY,22667,22668,64.07,65.28,161,2.607,2.778,1.889,win
SOLUSDT,BUY,SELL,23170,23171,70.12,73.27,230,0.342,8.471,-4.492,lose
SOLUSDT,BUY,SELL,23678,23679,72.17,71.8,268,2.425,3.88,0.513,win
SOLUSDT,BUY,SELL,24166,24167,69.28,65.82,28,7.621,0.289,4.994,win
SOLUSDT,SELL,BUY,24193,24194,64.19,70.74,72,10.562,0.016,10.204,win
SOLUSDT,SELL,BUY,24673,24674,72.84,75.33,63,4.132,0.851,3.418,win
SOLUSDT,SELL,BUY,25106,25107,80.48,82.79,175,4.063,1.603,2.87,win
SOLUSDT,BUY,SELL,25280,25281,82.58,78.89,114,4.723,0.339,4.468,win
SOLUSDT,SELL,BUY,25660,25661,77.86,77.02,360,1.284,4.881,-1.079,lose
SOLUSDT,SELL,BUY,26193,26194,75.98,76.0,258,1.145,3.501,0.026,lose
SOLUSDT,BUY,SELL,26450,26451,76.06,77.29,332,0.986,3.694,-1.617,lose
SOLUSDT,SELL,BUY,26781,26782,77.2,74.48,332,2.137,4.974,-3.523,win
SOLUSDT,SELL,BUY,27654,27655,72.95,73.1,144,0.699,3.345,0.206,lose
SOLUSDT,BUY,SELL,27797,27798,73.1,72.2,119,1.683,1.669,1.231,lose
SOLUSDT,BUY,SELL,27952,27953,73.69,73.34,263,0.909,1.533,0.475,lose
SOLUSDT,SELL,BUY,28214,28215,73.33,73.76,102,1.336,1.418,0.586,lose
SOLUSDT,BUY,SELL,28315,28316,73.97,75.83,313,1.109,5.286,-2.515,lose
SOLUSDT,SELL,BUY,28627,28628,75.95,76.26,132,0.908,1.817,0.408,lose
SOLUSDT,SELL,BUY,28836,28837,75.45,75.52,422,1.524,1.922,0.093,lose
SOLUSDT,BUY,SELL,29257,29258,75.74,101.82,742,0.805,35.78,-34.434,lose
XRPUSDT,SELL,BUY,550,551,2.3904,2.4295,184,1.774,2.799,1.636,lose
XRPUSDT,BUY,SELL,1465,1466,2.5423,2.4404,222,4.134,0.48,4.008,win
XRPUSDT,BUY,SELL,1946,1947,2.3426,2.2268,83,5.763,3.133,4.943,win
XRPUSDT,SELL,BUY,2222,2223,2.2529,2.3387,108,4.465,0.688,3.808,win
XRPUSDT,BUY,SELL,3061,3062,2.2723,2.1432,30,5.725,1.514,5.681,win
XRPUSDT,SELL,BUY,3932,3933,2.1485,2.2285,26,4.892,0.261,3.724,win
XRPUSDT,BUY,SELL,3957,3958,2.2411,2.1799,248,3.846,1.499,2.731,win
XRPUSDT,SELL,BUY,4204,4205,2.1796,2.1214,315,1.991,9.043,-2.67,lose
XRPUSDT,BUY,SELL,5011,5012,2.1024,2.0549,164,4.366,0.994,2.259,win
XRPUSDT,SELL,BUY,5174,5175,2.0537,2.1641,23,5.858,0.297,5.376,win
XRPUSDT,SELL,BUY,5278,5279,2.0613,2.038,284,2.329,4.614,-1.13,win
XRPUSDT,BUY,SELL,5561,5562,2.0325,1.9998,96,2.165,0.512,1.609,win
XRPUSDT,SELL,BUY,6343,6344,1.9003,1.8641,608,2.552,4.047,-1.905,win
XRPUSDT,BUY,SELL,6950,6951,1.8628,1.8598,154,0.596,2.91,0.161,lose
XRPUSDT,SELL,BUY,7103,7104,1.8619,1.8726,171,1.278,1.047,0.575,lose
XRPUSDT,BUY,SELL,7273,7274,1.8717,1.8369,37,1.907,0.572,1.859,lose
XRPUSDT,SELL,BUY,9417,9418,1.9136,1.9076,375,2.681,5.44,-0.314,win
XRPUSDT,SELL,BUY,11259,11260,1.3963,1.4166,272,1.776,3.96,1.454,lose
XRPUSDT,BUY,SELL,11530,11531,1.4164,1.4686,203,1.341,17.855,-3.685,lose
XRPUSDT,BUY,SELL,13162,13163,1.4161,1.3511,76,5.303,0.459,4.59,win
XRPUSDT,SELL,BUY,13237,13238,1.3495,1.4152,92,5.661,1.06,4.868,win
XRPUSDT,SELL,BUY,14308,14309,1.3873,1.4148,47,2.105,0.086,1.982,win
XRPUSDT,BUY,SELL,15168,15169,1.434,1.3929,108,3.201,2.211,2.866,win
XRPUSDT,BUY,SELL,15338,15339,1.4177,1.3859,90,2.264,1.375,2.243,win
XRPUSDT,BUY,SELL,15660,15661,1.35,1.331,71,1.674,0.096,1.407,lose
XRPUSDT,BUY,SELL,15803,15804,1.3538,1.3233,64,2.822,0.923,2.253,win
XRPUSDT,SELL,BUY,15866,15867,1.3231,1.3556,137,2.494,1.534,2.456,win
XRPUSDT,BUY,SELL,16002,16003,1.3539,1.3136,85,3.287,1.034,2.977,win
XRPUSDT,SELL,BUY,16086,16087,1.3129,1.3222,152,1.729,2.574,0.708,lose
XRPUSDT,BUY,SELL,16237,16238,1.3239,1.2986,150,2.221,0.053,1.911,win
XRPUSDT,SELL,BUY,16556,16557,1.322,1.3729,89,3.88,2.118,3.85,win
XRPUSDT,SELL,BUY,16750,16751,1.332,1.3548,80,2.162,0.833,1.712,win
XRPUSDT,SELL,BUY,17046,17047,1.3336,1.3505,169,1.612,1.162,1.267,lose
XRPUSDT,SELL,BUY,17653,17654,1.439,1.4304,267,0.486,3.523,-0.598,lose
XRPUSDT,BUY,SELL,17919,17920,1.4308,1.4249,177,1.433,2.195,0.412,lose
XRPUSDT,SELL,BUY,18095,18096,1.4207,1.4303,123,1.732,0.894,0.676,lose
XRPUSDT,BUY,SELL,18217,18218,1.432,1.4193,137,0.964,1.278,0.887,lose
XRPUSDT,SELL,BUY,18353,18354,1.4191,1.4411,129,1.874,0.148,1.55,lose
XRPUSDT,BUY,SELL,18481,18482,1.4442,1.414,25,2.278,0.145,2.091,win
XRPUSDT,SELL,BUY,18505,18506,1.4134,1.4036,201,0.361,3.297,-0.693,lose
XRPUSDT,BUY,SELL,18912,18913,1.3911,1.4112,532,0.784,4.723,-1.445,lose
XRPUSDT,SELL,BUY,19443,19444,1.411,1.4215,163,0.914,2.417,0.744,lose
XRPUSDT,BUY,SELL,19605,19606,1.4186,1.4386,365,0.592,6.288,-1.41,lose
XRPUSDT,SELL,BUY,19969,19970,1.4337,1.4619,72,2.141,1.123,1.967,win
XRPUSDT,BUY,SELL,20040,20041,1.4603,1.4256,28,2.746,0.589,2.376,win
XRPUSDT,SELL,BUY,20067,20068,1.4289,1.4677,99,3.149,1.295,2.715,win
XRPUSDT,SELL,BUY,20257,20258,1.4315,1.3815,537,1.341,5.938,-3.493,lose
XRPUSDT,BUY,SELL,20793,20794,1.3837,1.3602,45,2.414,0.108,1.698,win
XRPUSDT,SELL,BUY,21153,21154,1.335,1.3253,368,2.27,5.109,-0.727,win
XRPUSDT,BUY,SELL,21520,21521,1.3245,1.3272,285,2.341,3.088,-0.204,win
XRPUSDT,SELL,BUY,23140,23141,1.128,1.1716,31,4.202,0.062,3.865,win
XRPUSDT,BUY,SELL,23170,23171,1.1702,1.2134,165,0.299,10.494,-3.692,lose
XRPUSDT,BUY,SELL,23709,23710,1.1454,1.1267,137,2.279,0.838,1.633,win
XRPUSDT,SELL,BUY,24436,24437,1.0462,1.0674,167,2.868,1.424,2.026,win
XRPUSDT,BUY,SELL,24602,24603,1.0692,1.0415,59,2.684,0.037,2.591,win
XRPUSDT,BUY,SELL,24779,24780,1.0621,1.1408,336,1.685,11.458,-7.41,lose
XRPUSDT,BUY,SELL,25192,25193,1.1576,1.1153,57,4.216,0.294,3.654,win
XRPUSDT,SELL,BUY,25248,25249,1.1159,1.1073,341,4.355,4.31,-0.771,win
XRPUSDT,SELL,BUY,25771,25772,1.0921,1.0975,245,1.135,3.617,0.494,lose
XRPUSDT,BUY,SELL,26015,26016,1.1035,1.0927,214,1.459,2.374,0.979,lose
XRPUSDT,BUY,SELL,26469,26470,1.0956,1.1153,409,1.214,6.252,-1.798,lose
XRPUSDT,BUY,SELL,27085,27086,1.1022,1.0931,194,1.597,1.279,0.826,lose
XRPUSDT,SELL,BUY,27643,27644,1.0711,1.0749,155,0.457,2.306,0.355,lose
XRPUSDT,BUY,SELL,27797,27798,1.0756,1.0631,118,1.19,1.608,1.162,lose
XRPUSDT,SELL,BUY,27914,27915,1.0672,1.0809,39,1.837,0.478,1.284,lose
XRPUSDT,BUY,SELL,27952,27953,1.082,1.0651,158,1.71,0.176,1.562,lose
XRPUSDT,BUY,SELL,28399,28400,1.0359,1.0355,165,0.84,1.207,0.039,lose
XRPUSDT,SELL,BUY,28831,28832,1.0052,1.0073,621,0.965,2.069,0.209,lose
