symbol,direction,signal_datetime,entry_price,max_roe_pct,max_stoploss_pct,duration_bars,atr_pct,trail_gap_pct,is_low_volatility,is_tight_gap,has_counter_fvg,has_recent_choch,has_recent_bos,quick_loss_under_10_bars
ADAUSDT,BUY,2025-10-21 15:30:00,0.6827,0.161,6.65,40,0.952,1.904,False,False,False,False,False,False
ADAUSDT,SELL,2025-11-06 17:15:00,0.5247,1.048,8.672,94,0.896,1.792,False,False,False,False,False,False
ADAUSDT,BUY,2025-11-12 14:00:00,0.5798,0.052,6.106,12,0.5,1.018,False,False,False,False,False,False
ADAUSDT,SELL,2025-11-12 17:00:00,0.5448,1.083,4.901,77,0.954,1.927,False,False,False,False,False,False
ADAUSDT,BUY,2025-11-13 12:15:00,0.5632,0.959,6.214,22,0.586,1.172,False,False,True,False,False,False
ADAUSDT,SELL,2025-12-28 20:30:00,0.3634,0.413,4.568,23,0.44,0.853,False,False,False,True,False,False
ADAUSDT,SELL,2026-01-12 13:45:00,0.3822,0.262,6.306,104,0.549,1.099,False,False,False,False,False,False
ADAUSDT,BUY,2026-02-20 15:45:00,0.2888,1.697,4.709,149,1.039,2.078,False,False,True,False,False,False
ADAUSDT,BUY,2026-02-23 12:45:00,0.2736,0.183,4.934,29,0.548,1.096,False,False,False,False,False,False
ADAUSDT,SELL,2026-03-01 20:00:00,0.2709,0.997,6.423,80,0.775,1.551,False,False,True,False,False,False
ADAUSDT,BUY,2026-03-02 16:00:00,0.288,0.174,6.875,59,0.972,1.91,False,False,False,False,False,False
ADAUSDT,SELL,2026-03-12 07:00:00,0.259,0.347,5.367,70,0.347,0.695,True,False,False,False,False,False
ADAUSDT,BUY,2026-03-30 08:30:00,0.2509,0.757,4.583,102,0.558,1.116,False,False,False,False,False,False
ADAUSDT,SELL,2026-04-02 03:45:00,0.2389,1.8,2.637,114,0.795,1.632,False,False,False,False,False,False
ADAUSDT,SELL,2026-04-05 07:15:00,0.2423,1.156,5.943,67,0.33,0.66,True,False,False,False,False,False
ADAUSDT,SELL,2026-04-08 20:30:00,0.2517,1.748,2.463,100,0.477,0.913,False,False,False,False,False,False
ADAUSDT,BUY,2026-04-09 21:30:00,0.2568,1.674,2.96,139,0.545,1.051,False,False,False,False,False,False
ADAUSDT,BUY,2026-04-13 22:45:00,0.2473,0.89,3.761,134,0.647,1.294,False,False,False,False,False,False
ADAUSDT,SELL,2026-04-15 08:15:00,0.2401,0.625,3.124,44,0.375,0.75,False,False,True,False,False,False
ADAUSDT,SELL,2026-04-23 01:15:00,0.247,1.053,1.984,150,0.445,0.891,False,False,False,False,False,False
ADAUSDT,BUY,2026-04-24 14:45:00,0.2504,1.358,0.998,112,0.359,0.719,False,False,False,False,False,False
ADAUSDT,SELL,2026-04-27 07:15:00,0.2472,1.78,1.335,193,0.485,0.971,False,False,False,False,True,False
ADAUSDT,BUY,2026-04-29 07:30:00,0.2496,1.763,2.644,33,0.32,0.601,True,False,False,False,False,False
ADAUSDT,SELL,2026-05-10 05:45:00,0.2696,0.519,2.856,39,0.297,0.594,True,False,True,False,False,False
ADAUSDT,BUY,2026-05-23 20:30:00,0.2487,0.844,3.177,97,0.483,1.005,False,False,False,False,False,False
ADAUSDT,SELL,2026-05-24 20:45:00,0.2418,1.447,2.233,78,0.29,0.538,True,False,False,False,False,False
ADAUSDT,BUY,2026-06-29 22:30:00,0.1466,0.0,3.138,57,0.478,0.956,False,False,True,False,False,False
ADAUSDT,BUY,2026-07-11 15:30:00,0.1721,0.581,5.404,36,0.639,1.278,False,False,False,False,False,False
ADAUSDT,SELL,2026-07-20 06:15:00,0.1616,0.681,5.569,49,0.618,1.299,False,False,False,False,False,False
ADAUSDT,SELL,2026-08-06 04:30:00,0.1876,0.32,8.369,41,0.64,1.28,False,False,False,False,False,False
AVAXUSDT,BUY,2025-10-21 15:15:00,20.768,0.347,6.736,37,0.831,1.662,False,False,True,False,False,False
AVAXUSDT,SELL,2025-10-23 23:30:00,19.053,0.226,3.133,31,0.418,0.837,False,False,False,False,False,False
AVAXUSDT,SELL,2025-11-09 02:45:00,16.905,0.68,5.732,47,0.598,1.197,False,False,False,False,False,False
AVAXUSDT,BUY,2025-11-13 07:15:00,17.562,0.216,7.562,43,0.735,1.469,False,False,False,False,False,False
AVAXUSDT,BUY,2025-12-13 09:00:00,13.399,0.455,2.358,100,0.349,0.697,True,False,False,False,False,False
AVAXUSDT,SELL,2025-12-21 07:45:00,12.117,1.428,2.682,115,0.217,0.434,True,True,False,False,False,False
AVAXUSDT,SELL,2025-12-23 14:45:00,11.932,0.511,3.771,166,0.629,1.257,False,False,False,False,False,False
AVAXUSDT,BUY,2025-12-26 04:15:00,12.537,0.295,3.254,48,0.499,0.996,False,False,False,False,False,False
AVAXUSDT,BUY,2026-01-17 14:30:00,13.866,0.426,2.178,83,0.342,0.684,True,False,False,False,False,False
AVAXUSDT,BUY,2026-01-21 22:15:00,12.54,0.606,4.035,68,0.882,1.763,False,False,True,False,False,False
AVAXUSDT,SELL,2026-03-03 11:45:00,9.009,1.31,5.45,87,0.434,0.868,False,False,False,False,False,False
AVAXUSDT,BUY,2026-03-28 18:30:00,8.911,0.045,2.211,35,0.355,0.709,False,False,True,False,False,False
AVAXUSDT,BUY,2026-03-30 07:45:00,8.914,1.851,2.535,109,0.475,0.948,False,False,True,False,False,False
AVAXUSDT,SELL,2026-04-09 00:15:00,8.979,0.791,4.555,66,0.499,0.999,False,False,False,False,False,False
AVAXUSDT,BUY,2026-04-11 18:45:00,9.488,1.286,4.933,30,0.426,0.852,False,False,True,False,False,False
AVAXUSDT,BUY,2026-04-29 05:15:00,9.34,1.092,2.794,50,0.308,0.618,True,False,False,False,False,False
AVAXUSDT,BUY,2026-05-13 04:15:00,10.026,1.257,3.271,42,0.298,0.596,True,False,False,False,False,False
AVAXUSDT,SELL,2026-05-13 14:45:00,9.797,1.878,2.674,97,0.551,1.103,False,False,False,False,False,False
AVAXUSDT,SELL,2026-05-24 20:30:00,9.206,1.575,1.857,52,0.272,0.542,True,False,False,False,False,False
AVAXUSDT,BUY,2026-05-25 09:30:00,9.376,1.376,2.197,65,0.285,0.571,True,False,False,False,False,False
AVAXUSDT,BUY,2026-05-30 15:00:00,8.988,1.035,2.047,103,0.274,0.547,True,False,False,False,False,False
AVAXUSDT,BUY,2026-06-11 18:45:00,6.646,1.896,1.986,270,0.685,1.369,False,False,False,False,False,False
AVAXUSDT,SELL,2026-06-22 00:15:00,6.149,0.0,4.44,50,0.561,1.12,False,False,True,False,False,False
AVAXUSDT,BUY,2026-06-23 21:45:00,6.426,1.774,5.182,77,0.666,1.331,False,False,False,False,False,False
AVAXUSDT,SELL,2026-06-25 13:45:00,5.974,0.285,9.19,110,1.065,2.129,False,False,False,False,False,False
AVAXUSDT,SELL,2026-06-27 22:00:00,6.379,1.771,4.405,123,0.476,0.955,False,False,False,False,False,False
AVAXUSDT,BUY,2026-07-18 02:00:00,6.624,0.543,2.295,134,0.347,0.693,True,False,False,False,False,False
AVAXUSDT,SELL,2026-07-19 11:30:00,6.494,1.678,2.402,93,0.314,0.63,True,False,True,False,False,False
AVAXUSDT,SELL,2026-07-22 06:00:00,6.477,0.232,2.733,49,0.398,0.795,False,False,False,False,False,False
AVAXUSDT,BUY,2026-07-28 21:30:00,6.618,0.302,4.745,32,0.428,0.854,False,False,False,False,False,False
AVAXUSDT,SELL,2026-08-03 04:45:00,6.408,0.687,2.747,57,0.429,0.857,False,False,True,False,False,False
AVAXUSDT,BUY,2026-08-09 17:45:00,6.546,0.611,2.872,114,0.278,0.554,True,False,False,False,False,False
BNBUSDT,BUY,2025-11-07 08:15:00,968.98,0.042,4.039,21,0.45,0.901,False,False,True,False,False,False
BNBUSDT,BUY,2025-11-15 19:00:00,944.19,0.677,3.07,86,0.311,0.623,True,False,False,False,False,False
BNBUSDT,SELL,2025-11-25 15:00:00,842.76,0.327,5.323,105,0.486,0.972,False,False,False,False,False,False
BNBUSDT,SELL,2025-11-29 00:15:00,885.88,1.956,1.239,150,0.299,0.598,True,False,True,False,False,False
BNBUSDT,SELL,2025-12-07 14:45:00,874.0,0.356,3.705,22,0.375,0.75,False,False,True,False,False,False
BNBUSDT,BUY,2025-12-11 23:30:00,888.2,1.882,1.967,262,0.417,0.835,False,False,False,False,False,False
BNBUSDT,SELL,2026-01-01 12:15:00,857.24,0.075,1.593,85,0.164,0.328,True,True,False,False,False,False
BNBUSDT,SELL,2026-01-15 20:45:00,925.94,0.229,1.959,150,0.363,0.726,False,False,False,False,False,False
BNBUSDT,BUY,2026-01-22 10:30:00,897.49,0.924,2.114,229,0.225,0.45,True,True,False,False,False,False
BNBUSDT,SELL,2026-02-15 17:45:00,613.92,1.583,2.829,123,0.452,0.903,False,False,False,False,False,False
BNBUSDT,BUY,2026-02-23 13:30:00,611.82,0.026,3.643,58,0.395,0.79,False,False,True,True,False,False
BNBUSDT,SELL,2026-03-03 10:45:00,625.46,0.777,4.646,89,0.464,0.929,False,False,False,False,False,False
BNBUSDT,BUY,2026-03-28 20:45:00,617.71,0.028,1.308,68,0.149,0.299,True,True,True,False,False,False
BNBUSDT,BUY,2026-03-30 08:00:00,620.16,0.256,2.515,101,0.316,0.632,True,False,True,False,False,False
BNBUSDT,SELL,2026-04-08 16:30:00,606.41,1.529,1.029,206,0.317,0.634,True,False,True,False,False,False
BNBUSDT,SELL,2026-04-23 02:45:00,635.09,1.25,0.912,358,0.279,0.558,True,False,False,False,False,False
BNBUSDT,BUY,2026-04-29 10:15:00,629.8,0.016,2.247,22,0.177,0.354,True,True,True,False,False,False
BNBUSDT,BUY,2026-05-01 14:00:00,622.44,0.09,1.356,73,0.195,0.39,True,True,False,False,False,False
BNBUSDT,SELL,2026-05-10 03:30:00,648.0,0.056,1.173,48,0.172,0.344,True,True,True,False,False,False
BNBUSDT,SELL,2026-05-14 04:15:00,667.88,0.157,3.072,51,0.335,0.67,True,False,False,False,False,False
BNBUSDT,SELL,2026-06-25 13:45:00,542.17,0.0,5.27,413,0.706,1.413,False,False,True,False,False,False
BNBUSDT,BUY,2026-07-09 06:45:00,575.14,1.44,1.181,262,0.288,0.577,True,False,False,False,False,False
BNBUSDT,BUY,2026-07-20 18:15:00,574.72,0.954,1.042,143,0.267,0.533,True,False,True,False,True,False
BNBUSDT,SELL,2026-08-01 10:00:00,582.9,1.578,0.482,75,0.205,0.41,True,True,False,False,False,False
BNBUSDT,SELL,2026-08-10 13:45:00,600.6,0.498,1.307,81,0.204,0.407,True,True,False,False,False,False
BNBUSDT,BUY,2026-08-15 04:45:00,611.89,0.217,0.757,82,0.152,0.303,True,True,False,False,False,False
BTCUSDT,BUY,2025-10-21 15:15:00,112899.9,0.921,4.537,38,0.671,1.343,False,False,False,False,False,False
BTCUSDT,BUY,2025-11-05 18:00:00,103889.9,0.585,3.515,94,0.434,0.869,False,False,False,False,False,False
BTCUSDT,SELL,2025-11-09 09:00:00,102009.2,0.541,1.982,24,0.186,0.371,True,True,True,False,False,False
BTCUSDT,SELL,2025-11-11 15:45:00,103417.2,0.984,1.688,79,0.371,0.742,False,False,False,False,False,False
BTCUSDT,BUY,2025-11-12 11:30:00,104708.7,0.562,3.279,19,0.282,0.564,True,False,True,False,False,False
BTCUSDT,BUY,2025-12-09 16:15:00,93344.8,1.296,2.876,132,0.52,1.04,False,False,False,False,False,False
BTCUSDT,SELL,2025-12-18 06:45:00,86607.0,0.07,3.28,30,0.267,0.535,True,False,True,False,False,False
BTCUSDT,SELL,2025-12-18 23:30:00,85444.7,0.447,3.419,37,0.545,1.091,False,False,False,False,False,False
BTCUSDT,BUY,2025-12-25 16:15:00,88377.0,1.336,1.988,95,0.226,0.452,True,True,False,True,False,False
BTCUSDT,BUY,2025-12-30 15:45:00,88966.8,0.436,1.817,102,0.368,0.736,False,False,False,False,False,False
BTCUSDT,SELL,2026-01-12 14:45:00,90852.7,0.215,1.592,67,0.315,0.63,True,False,False,False,False,False
BTCUSDT,BUY,2026-01-23 18:30:00,90700.9,0.0,1.731,86,0.449,0.899,False,False,False,False,False,False
BTCUSDT,SELL,2026-03-03 10:00:00,66462.9,0.576,4.852,88,0.468,0.935,False,False,False,False,False,False
BTCUSDT,SELL,2026-03-14 01:00:00,70656.7,0.567,1.377,110,0.332,0.664,True,False,True,False,False,False
BTCUSDT,SELL,2026-03-24 17:00:00,69205.2,0.463,3.056,53,0.484,0.967,False,False,False,False,False,False
BTCUSDT,BUY,2026-03-31 23:15:00,68224.2,1.559,2.592,113,0.403,0.805,False,False,False,False,False,False
BTCUSDT,SELL,2026-04-05 13:15:00,66676.6,0.016,1.728,30,0.145,0.29,True,True,False,False,False,False
BTCUSDT,SELL,2026-04-12 02:15:00,71737.3,1.783,0.967,150,0.411,0.823,False,False,False,False,True,False
BTCUSDT,SELL,2026-06-14 19:00:00,63757.6,0.064,2.971,11,0.197,0.395,True,True,False,False,False,False
BTCUSDT,BUY,2026-06-25 07:15:00,61774.1,0.254,6.061,26,0.316,0.633,True,False,False,False,False,False
BTCUSDT,BUY,2026-06-27 14:30:00,60607.3,0.524,1.705,104,0.199,0.399,True,True,False,False,False,False
BTCUSDT,BUY,2026-07-06 18:15:00,63735.4,1.501,2.04,144,0.484,0.968,False,False,True,False,False,False
BTCUSDT,SELL,2026-07-08 06:15:00,62592.1,1.713,1.109,111,0.292,0.583,True,False,False,False,False,False
BTCUSDT,SELL,2026-07-27 22:45:00,63755.5,1.718,1.113,129,0.29,0.581,True,False,False,False,False,False
BTCUSDT,BUY,2026-07-29 07:00:00,64435.9,1.483,1.865,198,0.229,0.457,True,True,False,False,False,False
BTCUSDT,BUY,2026-08-02 03:00:00,63393.0,0.609,1.068,109,0.193,0.386,True,True,True,False,False,False
BTCUSDT,SELL,2026-08-09 03:45:00,64758.9,0.018,0.751,40,0.066,0.132,True,True,False,False,False,False
BTCUSDT,SELL,2026-08-16 23:15:00,62825.4,0.162,1.189,24,0.152,0.305,True,True,False,False,False,False
BTCUSDT,SELL,2026-08-23 05:45:00,76065.0,0.256,2.62,64,0.365,0.73,False,False,False,False,False,False
DOGEUSDT,BUY,2025-10-21 15:30:00,0.2051,0.224,6.221,48,0.926,1.804,False,False,False,False,False,False
DOGEUSDT,SELL,2025-10-26 04:30:00,0.1953,0.133,2.868,23,0.256,0.512,True,False,True,False,False,False
DOGEUSDT,SELL,2025-11-09 03:00:00,0.1726,0.886,4.298,67,0.521,1.1,False,False,False,False,False,False
DOGEUSDT,SELL,2025-11-12 17:00:00,0.1687,0.931,4.95,60,0.949,1.838,False,False,False,False,False,False
DOGEUSDT,BUY,2025-11-18 18:15:00,0.1611,1.142,5.004,88,0.683,1.366,False,False,False,False,False,False
DOGEUSDT,BUY,2025-11-26 17:45:00,0.1557,0.681,3.655,128,0.707,1.349,False,False,False,False,False,False
DOGEUSDT,SELL,2025-12-09 11:15:00,0.1402,0.064,6.592,19,0.357,0.642,False,False,False,False,False,False
DOGEUSDT,BUY,2025-12-13 12:00:00,0.1396,0.244,2.858,95,0.286,0.501,True,False,True,False,False,False
DOGEUSDT,SELL,2025-12-21 15:00:00,0.1291,0.139,3.951,71,0.465,1.007,False,False,False,False,False,False
DOGEUSDT,BUY,2026-02-20 23:30:00,0.0999,0.99,2.391,105,0.6,1.301,False,False,True,False,False,False
DOGEUSDT,SELL,2026-03-01 20:00:00,0.091,0.582,6.724,80,0.769,1.538,False,False,True,False,False,False
DOGEUSDT,BUY,2026-03-30 04:45:00,0.0929,1.087,3.412,115,0.538,1.077,False,False,False,False,False,False
DOGEUSDT,SELL,2026-03-31 09:30:00,0.09,0.756,3.69,81,0.445,0.778,False,False,False,False,False,False
DOGEUSDT,BUY,2026-04-01 05:45:00,0.0932,1.427,3.714,84,0.429,0.859,False,False,False,False,False,False
DOGEUSDT,SELL,2026-04-02 02:45:00,0.0901,1.277,2.41,152,0.555,1.11,False,False,True,False,False,False
DOGEUSDT,BUY,2026-04-03 16:45:00,0.092,1.229,1.598,148,0.326,0.652,True,False,True,False,False,False
DOGEUSDT,SELL,2026-04-06 23:15:00,0.0902,0.233,3.603,91,0.333,0.776,True,False,False,False,False,False
DOGEUSDT,SELL,2026-04-27 15:45:00,0.0972,0.154,3.942,50,0.515,0.926,False,False,True,True,False,False
DOGEUSDT,BUY,2026-05-08 22:30:00,0.1094,1.69,1.599,116,0.365,0.731,False,False,True,False,False,False
DOGEUSDT,BUY,2026-05-23 20:30:00,0.1042,0.826,3.514,211,0.48,0.96,False,False,False,False,False,False
DOGEUSDT,BUY,2026-06-13 12:30:00,0.0882,0.715,2.303,102,0.34,0.681,True,False,False,False,False,False
DOGEUSDT,BUY,2026-06-20 07:15:00,0.0842,0.047,2.387,159,0.237,0.594,True,False,False,False,False,False
DOGEUSDT,SELL,2026-06-21 23:00:00,0.0825,0.473,2.607,57,0.364,0.728,False,False,False,False,False,False
DOGEUSDT,BUY,2026-06-22 13:15:00,0.0844,0.77,3.069,37,0.355,0.711,False,False,False,False,False,False
DOGEUSDT,BUY,2026-06-25 07:45:00,0.0773,0.026,7.656,24,0.388,0.776,False,False,False,False,False,False
DOGEUSDT,SELL,2026-06-25 13:45:00,0.0717,0.014,6.151,148,0.837,1.813,False,False,False,False,False,False
DOGEUSDT,SELL,2026-07-05 02:45:00,0.0758,0.738,3.574,78,0.527,0.923,False,False,False,False,False,False
DOGEUSDT,BUY,2026-08-09 22:00:00,0.0709,0.071,2.652,14,0.141,0.282,True,True,True,False,False,False
DOGEUSDT,SELL,2026-08-24 19:45:00,0.0891,0.505,3.054,22,0.898,1.797,False,False,True,False,False,False
ETHUSDT,BUY,2025-11-05 17:45:00,3433.78,1.317,5.402,91,0.724,1.449,False,False,False,False,False,False
ETHUSDT,SELL,2025-11-12 17:00:00,3400.98,0.887,4.823,59,0.848,1.697,False,False,False,False,True,False
ETHUSDT,BUY,2025-11-13 07:45:00,3537.16,0.335,5.204,34,0.634,1.269,False,False,False,False,False,False
ETHUSDT,BUY,2025-11-18 18:30:00,3157.0,0.389,5.285,47,0.757,1.514,False,False,False,False,False,False
ETHUSDT,SELL,2025-11-29 12:00:00,2993.33,1.113,1.967,107,0.266,0.532,True,False,False,False,True,False
ETHUSDT,BUY,2025-12-26 06:30:00,2979.08,0.463,2.889,41,0.325,0.65,True,False,True,False,False,False
ETHUSDT,SELL,2026-01-13 02:45:00,3100.13,0.01,2.837,52,0.299,0.598,True,False,True,False,False,False
ETHUSDT,BUY,2026-01-17 15:30:00,3327.08,1.229,4.571,131,0.161,0.323,True,True,False,False,False,False
ETHUSDT,SELL,2026-02-09 10:15:00,2026.98,0.936,5.715,35,0.596,1.191,False,False,False,False,False,False
ETHUSDT,BUY,2026-02-18 08:15:00,2029.29,0.035,4.06,42,0.417,0.835,False,False,True,False,False,False
ETHUSDT,SELL,2026-03-14 07:15:00,2078.66,0.893,1.813,88,0.324,0.648,True,False,False,False,False,False
ETHUSDT,BUY,2026-03-28 15:30:00,2027.21,0.087,1.926,77,0.417,0.833,False,False,False,False,False,False
ETHUSDT,SELL,2026-04-02 03:30:00,2052.97,1.823,1.512,273,0.741,1.482,False,False,False,False,False,False
ETHUSDT,BUY,2026-04-04 23:45:00,2064.43,0.008,1.846,31,0.187,0.375,True,True,True,False,False,False
ETHUSDT,BUY,2026-04-29 05:30:00,2325.64,0.896,2.794,45,0.33,0.66,True,False,False,False,False,False
ETHUSDT,SELL,2026-05-13 14:45:00,2266.43,1.475,2.267,104,0.401,0.803,False,False,False,False,False,False
ETHUSDT,BUY,2026-05-29 17:00:00,2041.51,0.107,1.993,189,0.555,1.11,False,False,False,False,False,False
ETHUSDT,BUY,2026-06-20 06:45:00,1726.88,1.288,1.535,163,0.286,0.571,True,False,False,False,True,False
ETHUSDT,SELL,2026-06-21 23:30:00,1705.69,0.107,3.477,48,0.413,0.827,False,False,False,True,False,False
ETHUSDT,BUY,2026-06-22 11:30:00,1762.68,0.926,3.04,71,0.352,0.704,False,False,False,False,False,False
ETHUSDT,BUY,2026-06-25 07:00:00,1652.28,0.407,7.401,27,0.429,0.858,False,False,False,False,False,False
ETHUSDT,BUY,2026-06-27 14:15:00,1593.42,1.068,1.998,68,0.241,0.482,True,True,False,False,False,False
LINKUSDT,SELL,2025-10-26 06:00:00,17.756,0.107,3.272,23,0.278,0.556,True,False,True,False,False,False
LINKUSDT,BUY,2025-11-01 09:45:00,17.334,1.875,4.794,166,0.437,0.875,False,False,True,False,True,False
LINKUSDT,BUY,2025-11-05 23:00:00,15.176,0.593,6.207,72,0.702,1.404,False,False,False,False,False,False
LINKUSDT,SELL,2025-11-12 16:45:00,15.161,1.675,5.626,59,1.106,2.212,False,False,False,False,False,False
LINKUSDT,BUY,2025-11-13 07:30:00,15.879,0.428,7.299,40,0.799,1.598,False,False,True,False,False,False
LINKUSDT,BUY,2025-11-20 04:45:00,13.769,1.678,7.197,49,0.601,1.203,False,False,False,False,False,False
LINKUSDT,SELL,2025-11-28 19:00:00,13.155,1.908,1.3,179,0.594,1.189,False,False,False,False,False,False
LINKUSDT,BUY,2025-11-30 15:45:00,13.24,1.307,6.088,34,0.477,0.955,False,False,False,False,False,False
LINKUSDT,SELL,2025-12-07 14:45:00,13.23,0.469,11.534,197,0.769,1.537,False,False,True,False,False,False
LINKUSDT,BUY,2026-01-11 19:30:00,13.279,1.792,2.854,107,0.35,0.7,False,False,True,False,False,False
LINKUSDT,SELL,2026-01-12 22:15:00,13.049,0.146,3.579,66,0.447,0.894,False,False,False,False,False,False
LINKUSDT,BUY,2026-01-17 16:00:00,13.868,0.043,11.307,128,0.291,0.581,True,False,False,False,False,False
LINKUSDT,SELL,2026-03-12 05:15:00,8.841,0.011,3.156,75,0.376,0.75,False,False,False,False,False,False
LINKUSDT,SELL,2026-03-14 00:30:00,9.062,1.655,1.324,94,0.439,0.877,False,False,True,False,True,False
LINKUSDT,SELL,2026-04-08 23:15:00,8.852,1.909,2.09,86,0.494,0.986,False,False,True,False,False,False
LINKUSDT,SELL,2026-04-27 07:30:00,9.318,1.91,0.848,186,0.379,0.758,False,False,False,False,True,False
LINKUSDT,BUY,2026-04-29 06:00:00,9.357,0.609,3.057,39,0.284,0.569,True,False,False,False,False,False
LINKUSDT,BUY,2026-05-14 15:45:00,10.635,1.26,4.1,59,0.609,1.219,False,False,False,False,False,False
LINKUSDT,BUY,2026-05-23 20:45:00,9.753,0.277,4.286,98,0.568,1.136,False,False,False,False,False,False
LINKUSDT,SELL,2026-05-24 21:15:00,9.353,1.187,3.036,70,0.31,0.621,True,False,False,False,False,False
LINKUSDT,BUY,2026-05-30 01:30:00,9.161,1.626,1.648,158,0.435,0.872,False,False,False,False,False,False
LINKUSDT,BUY,2026-06-22 12:15:00,8.113,0.493,3.784,68,0.452,0.905,False,False,False,False,False,False
LINKUSDT,BUY,2026-06-25 07:45:00,7.532,0.013,7.05,24,0.378,0.755,False,False,False,False,False,False
LINKUSDT,BUY,2026-06-27 01:15:00,7.355,1.604,1.536,104,0.4,0.799,False,False,False,False,False,False
LINKUSDT,BUY,2026-07-05 22:15:00,8.124,0.308,4.53,66,0.382,0.763,False,False,True,False,False,False
LINKUSDT,BUY,2026-07-30 12:15:00,8.464,0.874,2.623,86,0.354,0.709,False,False,False,False,False,False
LINKUSDT,BUY,2026-08-06 18:00:00,8.305,1.108,2.456,315,0.477,0.954,False,False,False,False,False,False
LINKUSDT,SELL,2026-08-10 00:45:00,8.183,0.22,3.422,100,0.412,0.824,False,False,False,False,False,False
NEARUSDT,SELL,2025-10-21 04:00:00,2.197,1.593,6.782,44,0.614,1.224,False,False,False,False,False,False
NEARUSDT,BUY,2025-10-21 15:00:00,2.337,1.113,6.333,60,1.061,2.126,False,False,False,False,False,False
NEARUSDT,BUY,2025-10-29 14:00:00,2.311,1.558,5.193,80,0.541,1.086,False,False,False,False,False,False
NEARUSDT,BUY,2025-11-20 00:00:00,2.368,1.858,9.797,67,1.347,2.694,False,False,False,False,False,False
NEARUSDT,BUY,2025-12-07 20:45:00,1.767,1.981,4.754,147,0.696,1.393,False,False,False,False,False,False
NEARUSDT,SELL,2025-12-09 09:30:00,1.711,0.058,7.656,25,0.543,1.086,False,False,True,False,False,False
NEARUSDT,BUY,2025-12-13 10:45:00,1.676,0.477,3.043,82,0.424,0.847,False,False,False,False,False,False
NEARUSDT,SELL,2025-12-18 21:30:00,1.425,1.474,8.491,76,1.467,2.933,False,False,False,False,False,False
NEARUSDT,BUY,2025-12-19 16:30:00,1.542,1.167,4.929,180,0.94,1.887,False,False,False,False,False,False
NEARUSDT,SELL,2025-12-21 13:30:00,1.468,1.022,5.109,68,0.694,1.389,False,False,True,False,False,False
NEARUSDT,SELL,2025-12-26 00:00:00,1.436,0.418,7.382,14,0.717,1.435,False,False,False,False,False,False
NEARUSDT,BUY,2026-01-12 03:00:00,1.763,0.34,5.842,40,0.891,1.775,False,False,False,False,False,False
NEARUSDT,SELL,2026-01-12 13:00:00,1.662,1.143,5.475,80,0.686,1.371,False,False,False,False,False,False
NEARUSDT,BUY,2026-02-02 16:30:00,1.232,0.325,6.575,100,0.885,1.778,False,False,False,False,False,False
NEARUSDT,BUY,2026-02-09 23:15:00,1.032,0.484,4.845,33,0.746,1.502,False,False,True,False,False,False
NEARUSDT,SELL,2026-03-30 18:15:00,1.163,1.29,3.439,90,0.568,1.136,False,False,False,False,False,False
NEARUSDT,SELL,2026-04-05 20:15:00,1.231,0.731,3.574,25,0.463,0.926,False,False,False,False,False,False
NEARUSDT,SELL,2026-04-23 04:45:00,1.383,1.012,2.386,102,0.434,0.876,False,False,False,False,False,False
NEARUSDT,BUY,2026-04-29 06:00:00,1.367,0.366,3.804,40,0.351,0.702,False,False,False,False,False,False
NEARUSDT,BUY,2026-05-17 07:30:00,1.533,1.696,4.631,97,0.522,1.044,False,False,False,False,False,False
NEARUSDT,SELL,2026-05-18 07:45:00,1.483,0.405,7.215,49,0.687,1.368,False,False,False,False,False,False
NEARUSDT,SELL,2026-05-20 02:45:00,1.583,0.253,5.559,17,0.581,1.156,False,False,True,False,False,False
NEARUSDT,SELL,2026-07-04 10:30:00,1.959,1.94,4.441,143,0.536,1.072,False,False,False,False,True,False
NEARUSDT,BUY,2026-07-26 23:45:00,1.837,1.198,3.647,65,0.452,0.904,False,False,False,False,False,False
NEARUSDT,SELL,2026-08-16 01:00:00,1.613,1.922,1.984,115,0.31,0.62,True,False,False,False,False,False
NEARUSDT,BUY,2026-08-17 05:45:00,1.634,1.958,3.121,159,0.398,0.795,False,False,False,False,False,False
SOLUSDT,BUY,2025-10-21 15:30:00,196.66,0.524,6.88,56,0.877,1.754,False,False,False,False,False,False
SOLUSDT,BUY,2025-10-29 13:15:00,201.13,0.094,6.091,84,0.506,1.011,False,False,False,False,False,False
SOLUSDT,BUY,2025-11-07 18:45:00,162.03,1.722,3.833,84,0.975,1.95,False,False,False,False,False,False
SOLUSDT,SELL,2025-11-08 15:45:00,156.61,1.022,4.674,95,0.576,1.151,False,False,False,False,False,False
SOLUSDT,SELL,2025-11-19 17:00:00,132.31,1.413,8.964,37,0.9,1.8,False,False,False,False,False,False
SOLUSDT,SELL,2025-12-21 13:45:00,123.57,0.121,3.998,96,0.407,0.814,False,False,True,False,False,False
SOLUSDT,SELL,2025-12-26 00:00:00,120.05,0.75,3.565,51,0.481,0.961,False,False,False,False,False,False
SOLUSDT,SELL,2026-01-15 18:45:00,141.47,0.919,2.849,112,0.608,1.217,False,False,False,False,False,False
SOLUSDT,BUY,2026-01-21 21:00:00,131.0,0.832,3.313,79,0.78,1.56,False,False,False,False,False,False
SOLUSDT,BUY,2026-02-09 19:45:00,87.89,0.444,4.301,60,0.868,1.737,False,False,False,False,False,False
SOLUSDT,SELL,2026-03-01 20:15:00,82.27,0.766,9.347,79,0.76,1.52,False,False,False,False,False,False
SOLUSDT,BUY,2026-03-02 16:00:00,89.61,0.792,6.673,79,1.05,2.1,False,False,False,False,False,False
SOLUSDT,SELL,2026-03-12 05:15:00,84.85,0.024,3.312,33,0.409,0.818,False,False,False,False,False,False
SOLUSDT,SELL,2026-03-14 00:30:00,87.84,1.628,0.934,116,0.437,0.874,False,False,False,False,True,False
SOLUSDT,SELL,2026-03-24 18:00:00,89.14,0.886,4.274,45,0.575,1.151,False,False,False,False,False,False
SOLUSDT,BUY,2026-03-25 05:15:00,92.59,0.94,3.964,99,0.467,0.934,False,False,True,False,False,False
SOLUSDT,SELL,2026-03-31 10:15:00,80.68,0.62,4.598,79,0.628,1.256,False,False,False,False,False,False
SOLUSDT,BUY,2026-04-06 00:15:00,82.45,0.885,3.554,94,0.575,1.151,False,False,True,False,False,False
SOLUSDT,SELL,2026-04-09 01:45:00,82.17,0.986,3.042,70,0.457,0.915,False,False,False,False,False,False
SOLUSDT,SELL,2026-04-14 21:15:00,83.72,1.338,2.496,103,0.535,1.07,False,False,False,False,False,False
SOLUSDT,SELL,2026-04-23 02:45:00,85.89,1.711,1.199,217,0.411,0.823,False,False,False,False,False,False
SOLUSDT,SELL,2026-04-25 19:00:00,85.62,0.117,1.296,90,0.213,0.426,True,True,False,False,False,False
SOLUSDT,SELL,2026-06-14 20:00:00,67.48,0.044,4.475,8,0.312,0.624,True,False,True,False,False,True
SOLUSDT,SELL,2026-06-27 22:30:00,70.88,1.749,3.414,137,0.457,0.914,False,False,True,False,False,False
SOLUSDT,BUY,2026-07-10 03:15:00,78.8,1.066,2.246,69,0.376,0.752,False,False,False,False,True,False
SOLUSDT,BUY,2026-07-30 16:00:00,74.69,0.79,2.597,92,0.338,0.676,True,False,False,False,False,False
SOLUSDT,SELL,2026-08-03 08:15:00,72.04,0.125,2.499,37,0.275,0.55,True,False,False,False,False,False
SOLUSDT,BUY,2026-08-12 03:00:00,76.33,1.31,1.389,78,0.235,0.471,True,True,True,False,False,False
XRPUSDT,SELL,2025-10-21 07:00:00,2.4165,0.67,4.759,38,0.526,1.051,False,False,True,False,False,False
XRPUSDT,BUY,2025-10-21 16:30:00,2.5114,0.374,4.902,58,0.713,1.429,False,False,False,False,False,False
XRPUSDT,BUY,2025-12-09 16:30:00,2.1656,0.545,4.969,82,0.748,1.501,False,False,True,False,False,False
XRPUSDT,SELL,2025-12-17 19:00:00,1.8508,1.378,4.458,82,0.843,1.686,False,False,False,False,False,False
XRPUSDT,BUY,2025-12-18 15:30:00,1.9275,0.005,6.744,22,0.783,1.567,False,False,False,False,False,False
XRPUSDT,SELL,2025-12-31 16:45:00,1.843,1.758,1.394,97,0.304,0.602,True,False,False,False,False,False
XRPUSDT,BUY,2026-01-19 18:15:00,2.0118,0.383,2.868,43,0.482,0.959,False,False,False,False,False,False
XRPUSDT,BUY,2026-01-21 21:00:00,1.9744,0.734,3.763,75,0.937,1.869,False,False,True,False,False,False
XRPUSDT,BUY,2026-01-26 13:15:00,1.9118,1.758,2.427,251,0.371,0.737,False,False,False,False,False,False
XRPUSDT,SELL,2026-02-09 10:30:00,1.3761,0.145,6.359,58,0.719,1.432,False,False,False,False,False,False
XRPUSDT,BUY,2026-02-10 01:00:00,1.4449,0.554,3.689,77,0.561,1.121,False,False,False,False,False,False
XRPUSDT,BUY,2026-02-21 10:30:00,1.4407,1.59,2.527,106,0.285,0.576,True,False,True,False,False,False
XRPUSDT,BUY,2026-02-23 12:30:00,1.4174,0.332,6.434,59,0.635,1.27,False,False,False,False,False,False
XRPUSDT,SELL,2026-02-24 03:15:00,1.33,1.391,5.241,100,0.692,1.383,False,False,False,False,False,False
XRPUSDT,SELL,2026-03-01 20:15:00,1.3426,0.722,5.623,79,0.633,1.266,False,False,False,False,False,False
XRPUSDT,SELL,2026-03-12 03:45:00,1.3726,0.678,3.745,85,0.313,0.627,True,False,False,False,False,False
XRPUSDT,SELL,2026-03-24 16:15:00,1.3974,1.059,2.032,63,0.465,0.93,False,False,False,False,False,False
XRPUSDT,SELL,2026-04-05 06:00:00,1.2968,1.527,3.2,72,0.247,0.501,True,False,False,False,False,False
XRPUSDT,BUY,2026-04-06 00:00:00,1.333,1.8,1.643,98,0.435,0.878,False,False,False,False,False,False
XRPUSDT,BUY,2026-04-09 20:45:00,1.3561,1.386,2.367,217,0.376,0.752,False,False,False,False,False,False
XRPUSDT,BUY,2026-04-29 09:45:00,1.4031,0.171,3.036,21,0.264,0.527,True,False,False,False,False,False
XRPUSDT,SELL,2026-04-29 15:00:00,1.3644,1.481,2.169,186,0.381,0.77,False,False,False,False,False,False
XRPUSDT,BUY,2026-06-11 19:15:00,1.1415,1.673,1.428,269,0.631,1.261,False,False,False,False,False,False
XRPUSDT,SELL,2026-06-21 22:45:00,1.1312,0.734,2.847,60,0.407,0.804,False,False,False,True,False,False
XRPUSDT,BUY,2026-06-22 13:45:00,1.1631,0.009,3.654,59,0.421,0.843,False,False,False,False,False,False
XRPUSDT,BUY,2026-06-27 03:00:00,1.0579,1.777,1.267,94,0.454,0.907,False,False,False,False,True,False
XRPUSDT,SELL,2026-06-30 10:30:00,1.0419,1.987,2.236,119,0.23,0.461,True,True,False,False,False,False
XRPUSDT,SELL,2026-07-05 04:00:00,1.1382,1.239,2.715,78,0.369,0.729,False,False,False,False,False,False
XRPUSDT,BUY,2026-07-10 02:30:00,1.106,1.157,1.338,183,0.316,0.624,True,False,False,False,False,False
XRPUSDT,SELL,2026-07-16 18:30:00,1.0893,1.854,0.927,241,0.468,0.927,False,False,False,False,False,False
XRPUSDT,BUY,2026-07-29 02:30:00,1.0795,1.427,1.667,231,0.408,0.806,False,False,False,False,False,False
XRPUSDT,BUY,2026-08-12 12:15:00,1.0241,0.137,2.109,36,0.225,0.459,True,True,True,False,False,False
